user_id,step,critiquing_keyphrase,critique_polarity,clarification_keyphrase,clarification_polarity,accept_clarification
234,1,robots,pos,robots,pos,True
234,2,anime,neg,anime,neg,True
234,3,funny,pos,funny,pos,True
234,4,hilarious,pos,hilarious,pos,True
234,5,disney,neg,disney,neg,True
2714,1,satire,neg,satire,neg,True
2714,2,conspiracy,pos,conspiracy,pos,True
2714,3,based on a true story,pos,based on a true story,pos,True
2714,4,historical,pos,historical,pos,True
2714,5,drugs,pos,drugs,pos,True
4686,1,magic,pos,magic,pos,True
4686,2,based on a book,pos,based on a book,pos,True
4686,3,james bond,neg,james bond,neg,True
4686,4,nonlinear,pos,nonlinear,pos,True
4686,5,comic book,neg,comic book,neg,True
7910,1,war,pos,war,pos,True
7910,2,oscar (best picture),pos,oscar (best picture),pos,True
7910,3,action,neg,action,neg,True
7910,4,sci-fi,neg,sci-fi,neg,True
7910,5,crime,neg,crime,neg,True
3440,1,space,pos,space,pos,True
3440,2,true story,pos,true story,pos,True
3440,3,tom hanks,pos,tom hanks,pos,True
3440,4,sci-fi,neg,sci-fi,neg,True
3440,5,historical,pos,historical,pos,True
6019,1,dark comedy,pos,dark comedy,pos,True
6019,2,sci-fi,neg,sci-fi,neg,True
6019,3,crime,neg,crime,neg,True
6019,4,serial killer,neg,serial killer,neg,True
6019,5,quirky,neg,quirky,neg,True
713,1,fantasy,pos,fantasy,pos,True
713,2,dvd,pos,dvd,pos,True
713,3,magic,pos,magic,pos,True
713,4,overrated,pos,overrated,pos,True
713,5,based on a book,pos,based on a book,pos,True
7922,1,time travel,pos,time travel,pos,True
7922,2,arnold schwarzenegger,pos,arnold schwarzenegger,pos,True
7922,3,sci-fi,pos,sci-fi,pos,True
7922,4,nudity (topless),pos,nudity (topless),pos,True
7922,5,serial killer,neg,serial killer,neg,True
4887,1,violence,pos,violence,pos,True
4887,2,organized crime,pos,organized crime,pos,True
4887,3,classic,neg,classic,neg,True
4887,4,nonlinear,pos,nonlinear,pos,True
4887,5,time travel,neg,time travel,neg,True
1656,1,war,pos,war,pos,True
1656,2,classic,pos,classic,pos,True
1656,3,disturbing,pos,disturbing,pos,True
1656,4,based on a book,pos,based on a book,pos,True
1656,5,nudity (topless),pos,nudity (topless),pos,True
4786,1,anime,pos,anime,pos,True
4786,2,japan,pos,japan,pos,True
4786,3,comic book,pos,comic book,pos,True
4786,4,dystopia,pos,dystopia,pos,True
4786,5,future,pos,future,pos,True
7305,1,martin scorsese,pos,martin scorsese,pos,True
7305,2,mafia,pos,mafia,pos,True
7305,3,organized crime,pos,organized crime,pos,True
7305,4,prison,neg,prison,neg,True
7305,5,fantasy,neg,fantasy,neg,True
1609,1,classic,pos,classic,pos,True
1609,2,oscar (best picture),pos,oscar (best picture),pos,True
1609,3,world war ii,pos,world war ii,pos,True
1609,4,film noir,pos,film noir,pos,True
1609,5,war,pos,war,pos,True
2936,1,serial killer,pos,serial killer,pos,True
2936,2,crime,pos,crime,pos,True
2936,3,cannibalism,pos,cannibalism,pos,True
2936,4,oscar (best picture),pos,oscar (best picture),pos,True
2936,5,drugs,neg,drugs,neg,True
3789,1,comic book,pos,comic book,pos,True
3789,2,bruce willis,pos,bruce willis,pos,True
3789,3,dark,pos,dark,pos,True
3789,4,black comedy,pos,black comedy,pos,True
3789,5,animation,neg,animation,neg,True
172,1,superhero,pos,superhero,pos,True
172,2,super-hero,pos,super-hero,pos,True
172,3,comic book,pos,comic book,pos,True
172,4,action,pos,action,pos,True
172,5,dvd,pos,dvd,pos,True
4315,1,action,pos,action,pos,True
4315,2,harrison ford,pos,harrison ford,pos,True
4315,3,sci-fi,neg,sci-fi,neg,True
4315,4,tom hanks,neg,tom hanks,neg,True
4315,5,classic,neg,classic,neg,True
4943,1,classic,pos,classic,pos,True
4943,2,sci-fi,neg,sci-fi,neg,True
4943,3,oscar (best picture),neg,oscar (best picture),neg,True
4943,4,harrison ford,neg,harrison ford,neg,True
4943,5,tom hanks,neg,tom hanks,neg,True
5002,1,sci-fi,pos,sci-fi,pos,True
5002,2,dystopia,pos,dystopia,pos,True
5002,3,martial arts,pos,martial arts,pos,True
5002,4,dvd,pos,dvd,pos,True
5002,5,comic book,neg,comic book,neg,True
1006,1,music,pos,music,pos,True
1006,2,biography,pos,biography,pos,True
1006,3,overrated,pos,overrated,pos,True
1006,4,drugs,pos,drugs,pos,True
1006,5,true story,pos,true story,pos,True
6346,1,steven spielberg,pos,steven spielberg,pos,True
6346,2,nazis,pos,nazis,pos,True
6346,3,classic,neg,classic,neg,True
6346,4,harrison ford,pos,harrison ford,pos,True
6346,5,tom hanks,neg,tom hanks,neg,True
2571,1,classic,pos,classic,pos,True
2571,2,comedy,pos,comedy,pos,True
2571,3,nonlinear,neg,nonlinear,neg,True
2571,4,holocaust,neg,holocaust,neg,True
2571,5,romance,pos,romance,pos,True
1474,1,alfred hitchcock,pos,alfred hitchcock,pos,True
1474,2,classic,pos,classic,pos,True
1474,3,psychology,pos,psychology,pos,True
1474,4,serial killer,pos,serial killer,pos,True
1474,5,murder,pos,murder,pos,True
4413,1,religion,pos,religion,pos,True
4413,2,hilarious,pos,hilarious,pos,True
4413,3,nonlinear,neg,nonlinear,neg,True
4413,4,fantasy,neg,fantasy,neg,True
4413,5,twist ending,neg,twist ending,neg,True
1402,1,cult film,pos,cult film,pos,True
1402,2,quirky,pos,quirky,pos,True
1402,3,sci-fi,neg,sci-fi,neg,True
1402,4,hilarious,pos,hilarious,pos,True
1402,5,satire,pos,satire,pos,True
7935,1,comic book,pos,comic book,pos,True
7935,2,super-hero,pos,super-hero,pos,True
7935,3,magic,neg,magic,neg,True
7935,4,superhero,pos,superhero,pos,True
7935,5,action,pos,action,pos,True
5587,1,fantasy,pos,fantasy,pos,True
5587,2,based on a book,pos,based on a book,pos,True
5587,3,magic,pos,magic,pos,True
5587,4,dvd,pos,dvd,pos,True
5587,5,sequel,pos,sequel,pos,True
7710,1,organized crime,pos,organized crime,pos,True
7710,2,violence,pos,violence,pos,True
7710,3,sci-fi,neg,sci-fi,neg,True
7710,4,time travel,neg,time travel,neg,True
7710,5,classic,neg,classic,neg,True
2746,1,paris,pos,paris,pos,True
2746,2,animation,pos,animation,pos,True
2746,3,funny,pos,funny,pos,True
2746,4,fantasy,neg,fantasy,neg,True
2746,5,france,pos,france,pos,True
1482,1,drama,pos,drama,pos,True
1482,2,ghosts,pos,ghosts,pos,True
1482,3,prison,neg,prison,neg,True
1482,4,chick flick,pos,chick flick,pos,True
1482,5,girlie movie,pos,girlie movie,pos,True
2892,1,japan,pos,japan,pos,True
2892,2,anime,neg,anime,neg,True
2892,3,fantasy,neg,fantasy,neg,True
2892,4,tom cruise,pos,tom cruise,pos,True
2892,5,historical,pos,historical,pos,True
4019,1,classic,pos,classic,pos,True
4019,2,dark comedy,pos,dark comedy,pos,True
4019,3,satire,pos,satire,pos,True
4019,4,black comedy,pos,black comedy,pos,True
4019,5,politics,pos,politics,pos,True
2928,1,space,pos,space,pos,True
2928,2,aliens,pos,aliens,pos,True
2928,3,dvd,pos,dvd,pos,True
2928,4,tom hanks,neg,tom hanks,neg,True
2928,5,action,neg,action,neg,True
199,1,drugs,pos,drugs,pos,True
199,2,depressing,pos,depressing,pos,True
199,3,dark,pos,dark,pos,True
199,4,revenge,pos,revenge,pos,True
199,5,based on a book,pos,based on a book,pos,True
2804,1,violence,pos,violence,pos,True
2804,2,organized crime,pos,organized crime,pos,True
2804,3,nonlinear,pos,nonlinear,pos,True
2804,4,time travel,neg,time travel,neg,True
2804,5,oscar (best picture),neg,oscar (best picture),neg,True
5624,1,fantasy,pos,fantasy,pos,True
5624,2,oscar (best picture),pos,oscar (best picture),pos,True
5624,3,based on a book,pos,based on a book,pos,True
5624,4,surreal,neg,surreal,neg,True
5624,5,nonlinear,neg,nonlinear,neg,True
6398,1,sci-fi,neg,sci-fi,neg,True
6398,2,seen more than once,pos,seen more than once,pos,True
6398,3,space,neg,space,neg,True
6398,4,animation,neg,animation,neg,True
6398,5,crime,neg,crime,neg,True
6780,1,space,pos,space,pos,True
6780,2,aliens,pos,aliens,pos,True
6780,3,dvd,pos,dvd,pos,True
6780,4,classic,pos,classic,pos,True
6780,5,mafia,neg,mafia,neg,True
658,1,martial arts,pos,martial arts,pos,True
658,2,dvd,pos,dvd,pos,True
658,3,heist,pos,heist,pos,True
658,4,violence,pos,violence,pos,True
658,5,beautiful,pos,beautiful,pos,True
5595,1,classic,pos,classic,pos,True
5595,2,sci-fi,neg,sci-fi,neg,True
5595,3,england,pos,england,pos,True
5595,4,cute,pos,cute,pos,True
5595,5,family,pos,family,pos,True
837,1,zombies,pos,zombies,pos,True
837,2,action,pos,action,pos,True
837,3,horror,pos,horror,pos,True
837,4,nudity (topless - brief),pos,nudity (topless - brief),pos,True
837,5,comedy,pos,comedy,pos,True
6831,1,twist ending,pos,twist ending,pos,True
6831,2,suspense,pos,suspense,pos,True
6831,3,organized crime,pos,organized crime,pos,True
6831,4,conspiracy,pos,conspiracy,pos,True
6831,5,serial killer,neg,serial killer,neg,True
6911,1,robots,pos,robots,pos,True
6911,2,time travel,pos,time travel,pos,True
6911,3,sci-fi,pos,sci-fi,pos,True
6911,4,action,pos,action,pos,True
6911,5,arnold schwarzenegger,pos,arnold schwarzenegger,pos,True
617,1,drugs,pos,drugs,pos,True
617,2,quirky,pos,quirky,pos,True
617,3,family,pos,family,pos,True
617,4,cute,pos,cute,pos,True
617,5,hilarious,pos,hilarious,pos,True
2273,1,romance,pos,romance,pos,True
2273,2,fantasy,neg,fantasy,neg,True
2273,3,comedy,pos,comedy,pos,True
2273,4,coming of age,pos,coming of age,pos,True
2273,5,drama,pos,drama,pos,True
3777,1,classic,pos,classic,pos,True
3777,2,based on a book,pos,based on a book,pos,True
3777,3,sci-fi,neg,sci-fi,neg,True
3777,4,disney,neg,disney,neg,True
3777,5,twist ending,neg,twist ending,neg,True
5053,1,teen,pos,teen,pos,True
5053,2,drama,pos,drama,pos,True
5053,3,ghosts,neg,ghosts,neg,True
5053,4,high school,pos,high school,pos,True
5053,5,seen more than once,pos,seen more than once,pos,True
6472,1,sci-fi,pos,sci-fi,pos,True
6472,2,space,pos,space,pos,True
6472,3,harrison ford,pos,harrison ford,pos,True
6472,4,classic,pos,classic,pos,True
6472,5,aliens,neg,aliens,neg,True
7562,1,classic,pos,classic,pos,True
7562,2,martin scorsese,pos,martin scorsese,pos,True
7562,3,cult film,pos,cult film,pos,True
7562,4,organized crime,neg,organized crime,neg,True
7562,5,crime,neg,crime,neg,True
4788,1,heist,pos,heist,pos,True
4788,2,crime,pos,crime,pos,True
4788,3,brad pitt,pos,brad pitt,pos,True
4788,4,fantasy,neg,fantasy,neg,True
4788,5,matt damon,pos,matt damon,pos,True
1106,1,classic,pos,classic,pos,True
1106,2,japan,pos,japan,pos,True
1106,3,historical,pos,historical,pos,True
1106,4,action,pos,action,pos,True
1106,5,oscar (best picture),neg,oscar (best picture),neg,True
1692,1,sci-fi,pos,sci-fi,pos,True
1692,2,classic,pos,classic,pos,True
1692,3,aliens,pos,aliens,pos,True
1692,4,boring,pos,boring,pos,True
1692,5,space,pos,space,pos,True
6187,1,seen more than once,pos,seen more than once,pos,True
6187,2,overrated,pos,overrated,pos,True
6187,3,revenge,pos,revenge,pos,True
6187,4,martial arts,pos,martial arts,pos,True
6187,5,crime,pos,crime,pos,True
5307,1,super-hero,pos,super-hero,pos,True
5307,2,superhero,pos,superhero,pos,True
5307,3,animation,pos,animation,pos,True
5307,4,family,pos,family,pos,True
5307,5,action,pos,action,pos,True
7039,1,harrison ford,pos,harrison ford,pos,True
7039,2,action,pos,action,pos,True
7039,3,crime,pos,crime,pos,True
7039,4,holocaust,neg,holocaust,neg,True
7039,5,sci-fi,neg,sci-fi,neg,True
1745,1,surreal,pos,surreal,pos,True
1745,2,dark comedy,pos,dark comedy,pos,True
1745,3,seen more than once,pos,seen more than once,pos,True
1745,4,sci-fi,neg,sci-fi,neg,True
1745,5,cult film,pos,cult film,pos,True
4520,1,anime,pos,anime,pos,True
4520,2,children,pos,children,pos,True
4520,3,fantasy,pos,fantasy,pos,True
4520,4,sports,pos,sports,pos,True
4520,5,beautiful,pos,beautiful,pos,True
3096,1,sci-fi,pos,sci-fi,pos,True
3096,2,harrison ford,pos,harrison ford,pos,True
3096,3,dystopia,pos,dystopia,pos,True
3096,4,based on a book,pos,based on a book,pos,True
3096,5,johnny depp,neg,johnny depp,neg,True
4937,1,dark comedy,pos,dark comedy,pos,True
4937,2,sci-fi,neg,sci-fi,neg,True
4937,3,action,neg,action,neg,True
4937,4,cult film,pos,cult film,pos,True
4937,5,drugs,pos,drugs,pos,True
5376,1,super-hero,pos,super-hero,pos,True
5376,2,comic book,pos,comic book,pos,True
5376,3,new york,pos,new york,pos,True
5376,4,action,pos,action,pos,True
5376,5,sequel,pos,sequel,pos,True
6300,1,organized crime,pos,organized crime,pos,True
6300,2,sci-fi,neg,sci-fi,neg,True
6300,3,violence,pos,violence,pos,True
6300,4,mafia,pos,mafia,pos,True
6300,5,action,neg,action,neg,True
133,1,los angeles,pos,los angeles,pos,True
133,2,film noir,pos,film noir,pos,True
133,3,classic,pos,classic,pos,True
133,4,murder,pos,murder,pos,True
133,5,slow,pos,slow,pos,True
6914,1,musical,pos,musical,pos,True
6914,2,music,pos,music,pos,True
6914,3,classic,pos,classic,pos,True
6914,4,nonlinear,neg,nonlinear,neg,True
6914,5,cars,pos,cars,pos,True
1604,1,martial arts,pos,martial arts,pos,True
1604,2,overrated,pos,overrated,pos,True
1604,3,anime,neg,anime,neg,True
1604,4,super-hero,neg,super-hero,neg,True
1604,5,murder,pos,murder,pos,True
1830,1,super-hero,pos,super-hero,pos,True
1830,2,comic book,pos,comic book,pos,True
1830,3,new york,pos,new york,pos,True
1830,4,action,pos,action,pos,True
1830,5,james bond,neg,james bond,neg,True
2155,1,sci-fi,pos,sci-fi,pos,True
2155,2,harrison ford,pos,harrison ford,pos,True
2155,3,based on a book,pos,based on a book,pos,True
2155,4,dystopia,pos,dystopia,pos,True
2155,5,magic,neg,magic,neg,True
2614,1,comic book,pos,comic book,pos,True
2614,2,super-hero,pos,super-hero,pos,True
2614,3,superhero,pos,superhero,pos,True
2614,4,revenge,pos,revenge,pos,True
2614,5,future,pos,future,pos,True
5106,1,prison,neg,prison,neg,True
5106,2,classic,neg,classic,neg,True
5106,3,seen more than once,pos,seen more than once,pos,True
5106,4,tom hanks,neg,tom hanks,neg,True
5106,5,serial killer,neg,serial killer,neg,True
3144,1,violence,pos,violence,pos,True
3144,2,mental illness,pos,mental illness,pos,True
3144,3,brad pitt,pos,brad pitt,pos,True
3144,4,surreal,pos,surreal,pos,True
3144,5,psychology,pos,psychology,pos,True
2135,1,africa,pos,africa,pos,True
2135,2,beautiful,pos,beautiful,pos,True
2135,3,magic,neg,magic,neg,True
2135,4,thriller,pos,thriller,pos,True
2135,5,satire,neg,satire,neg,True
7996,1,sci-fi,neg,sci-fi,neg,True
7996,2,action,pos,action,pos,True
7996,3,space,neg,space,neg,True
7996,4,prison,neg,prison,neg,True
7996,5,classic,neg,classic,neg,True
2454,1,martin scorsese,pos,martin scorsese,pos,True
2454,2,boring,pos,boring,pos,True
2454,3,jim carrey,neg,jim carrey,neg,True
2454,4,surreal,neg,surreal,neg,True
2454,5,true story,pos,true story,pos,True
3828,1,steven spielberg,pos,steven spielberg,pos,True
3828,2,tom hanks,neg,tom hanks,neg,True
3828,3,thriller,pos,thriller,pos,True
3828,4,action,pos,action,pos,True
3828,5,time travel,neg,time travel,neg,True
1607,1,classic,pos,classic,pos,True
1607,2,world war ii,pos,world war ii,pos,True
1607,3,oscar (best picture),pos,oscar (best picture),pos,True
1607,4,hitchcock,neg,hitchcock,neg,True
1607,5,family,pos,family,pos,True
2202,1,religion,pos,religion,pos,True
2202,2,satire,pos,satire,pos,True
2202,3,drugs,neg,drugs,neg,True
2202,4,funny,pos,funny,pos,True
2202,5,nonlinear,neg,nonlinear,neg,True
3424,1,prison,pos,prison,pos,True
3424,2,classic,pos,classic,pos,True
3424,3,stephen king,pos,stephen king,pos,True
3424,4,based on a book,pos,based on a book,pos,True
3424,5,morgan freeman,pos,morgan freeman,pos,True
6893,1,england,pos,england,pos,True
6893,2,classic,pos,classic,pos,True
6893,3,family,pos,family,pos,True
6893,4,cute,pos,cute,pos,True
6893,5,johnny depp,neg,johnny depp,neg,True
5543,1,classic,pos,classic,pos,True
5543,2,fantasy,pos,fantasy,pos,True
5543,3,based on a book,pos,based on a book,pos,True
5543,4,espionage,pos,espionage,pos,True
5543,5,surreal,pos,surreal,pos,True
2987,1,beautiful,pos,beautiful,pos,True
2987,2,holocaust,neg,holocaust,neg,True
2987,3,oscar (best picture),neg,oscar (best picture),neg,True
2987,4,serial killer,neg,serial killer,neg,True
2987,5,dark,pos,dark,pos,True
6253,1,seen more than once,pos,seen more than once,pos,True
6253,2,animation,pos,animation,pos,True
6253,3,sci-fi,neg,sci-fi,neg,True
6253,4,cute,pos,cute,pos,True
6253,5,disney,pos,disney,pos,True
5604,1,robots,pos,robots,pos,True
5604,2,time travel,pos,time travel,pos,True
5604,3,arnold schwarzenegger,pos,arnold schwarzenegger,pos,True
5604,4,action,pos,action,pos,True
5604,5,future,pos,future,pos,True
2642,1,quirky,pos,quirky,pos,True
2642,2,seen more than once,pos,seen more than once,pos,True
2642,3,drugs,neg,drugs,neg,True
2642,4,classic,neg,classic,neg,True
2642,5,new york,pos,new york,pos,True
132,1,teen,pos,teen,pos,True
132,2,high school,pos,high school,pos,True
132,3,drama,pos,drama,pos,True
132,4,seen more than once,pos,seen more than once,pos,True
132,5,comedy,pos,comedy,pos,True
7373,1,animation,pos,animation,pos,True
7373,2,disney,pos,disney,pos,True
7373,3,time travel,neg,time travel,neg,True
7373,4,dvd,pos,dvd,pos,True
7373,5,serial killer,neg,serial killer,neg,True
118,1,classic,pos,classic,pos,True
118,2,martin scorsese,pos,martin scorsese,pos,True
118,3,cult film,pos,cult film,pos,True
118,4,new york city,pos,new york city,pos,True
118,5,sci-fi,neg,sci-fi,neg,True
1332,1,parody,pos,parody,pos,True
1332,2,hilarious,pos,hilarious,pos,True
1332,3,stupid,pos,stupid,pos,True
1332,4,tom hanks,neg,tom hanks,neg,True
1332,5,cute,pos,cute,pos,True
426,1,tom cruise,pos,tom cruise,pos,True
426,2,remake,pos,remake,pos,True
426,3,zombies,neg,zombies,neg,True
426,4,seen more than once,pos,seen more than once,pos,True
426,5,surreal,pos,surreal,pos,True
874,1,girlie movie,pos,girlie movie,pos,True
874,2,suicide,pos,suicide,pos,True
874,3,mental illness,pos,mental illness,pos,True
874,4,dvd,pos,dvd,pos,True
874,5,nonlinear,pos,nonlinear,pos,True
4049,1,tom cruise,pos,tom cruise,pos,True
4049,2,remake,pos,remake,pos,True
4049,3,suicide,pos,suicide,pos,True
4049,4,sci-fi,pos,sci-fi,pos,True
4049,5,new york city,pos,new york city,pos,True
3006,1,oscar (best picture),pos,oscar (best picture),pos,True
3006,2,war,pos,war,pos,True
3006,3,seen more than once,pos,seen more than once,pos,True
3006,4,classic,neg,classic,neg,True
3006,5,anime,neg,anime,neg,True
4495,1,seen more than once,pos,seen more than once,pos,True
4495,2,martial arts,pos,martial arts,pos,True
4495,3,revenge,pos,revenge,pos,True
4495,4,overrated,pos,overrated,pos,True
4495,5,violent,pos,violent,pos,True
3271,1,johnny depp,pos,johnny depp,pos,True
3271,2,adventure,pos,adventure,pos,True
3271,3,action,pos,action,pos,True
3271,4,comic book,neg,comic book,neg,True
3271,5,disney,pos,disney,pos,True
3940,1,lesbian,pos,lesbian,pos,True
3940,2,gay,pos,gay,pos,True
3940,3,seen more than once,pos,seen more than once,pos,True
3940,4,dvd,pos,dvd,pos,True
3940,5,ghosts,neg,ghosts,neg,True
702,1,action,pos,action,pos,True
702,2,space,pos,space,pos,True
702,3,sci-fi,pos,sci-fi,pos,True
702,4,slow,pos,slow,pos,True
702,5,quirky,pos,quirky,pos,True
7487,1,sci-fi,pos,sci-fi,pos,True
7487,2,space,pos,space,pos,True
7487,3,harrison ford,pos,harrison ford,pos,True
7487,4,prison,neg,prison,neg,True
7487,5,classic,pos,classic,pos,True
3160,1,oscar (best picture),pos,oscar (best picture),pos,True
3160,2,sci-fi,neg,sci-fi,neg,True
3160,3,classic,neg,classic,neg,True
3160,4,true story,pos,true story,pos,True
3160,5,tom hanks,neg,tom hanks,neg,True
6122,1,quirky,pos,quirky,pos,True
6122,2,dark comedy,pos,dark comedy,pos,True
6122,3,crime,pos,crime,pos,True
6122,4,black comedy,pos,black comedy,pos,True
6122,5,murder,pos,murder,pos,True
5868,1,sci-fi,pos,sci-fi,pos,True
5868,2,dystopia,pos,dystopia,pos,True
5868,3,martial arts,pos,martial arts,pos,True
5868,4,dvd,pos,dvd,pos,True
5868,5,action,pos,action,pos,True
2340,1,harrison ford,pos,harrison ford,pos,True
2340,2,action,pos,action,pos,True
2340,3,crime,pos,crime,pos,True
2340,4,violence,pos,violence,pos,True
2340,5,holocaust,neg,holocaust,neg,True
2295,1,hitchcock,pos,hitchcock,pos,True
2295,2,classic,pos,classic,pos,True
2295,3,alfred hitchcock,pos,alfred hitchcock,pos,True
2295,4,thriller,pos,thriller,pos,True
2295,5,mystery,pos,mystery,pos,True
747,1,harrison ford,pos,harrison ford,pos,True
747,2,action,pos,action,pos,True
747,3,serial killer,neg,serial killer,neg,True
747,4,crime,pos,crime,pos,True
747,5,violence,pos,violence,pos,True
7860,1,quirky,pos,quirky,pos,True
7860,2,crime,pos,crime,pos,True
7860,3,dark comedy,pos,dark comedy,pos,True
7860,4,black comedy,pos,black comedy,pos,True
7860,5,sci-fi,neg,sci-fi,neg,True
3345,1,religion,pos,religion,pos,True
3345,2,holocaust,neg,holocaust,neg,True
3345,3,slow,pos,slow,pos,True
3345,4,dystopia,neg,dystopia,neg,True
3345,5,aliens,pos,aliens,pos,True
2601,1,drama,pos,drama,pos,True
2601,2,seen more than once,pos,seen more than once,pos,True
2601,3,dvd,pos,dvd,pos,True
2601,4,sci-fi,neg,sci-fi,neg,True
2601,5,oscar (best picture),neg,oscar (best picture),neg,True
5699,1,los angeles,pos,los angeles,pos,True
5699,2,film noir,pos,film noir,pos,True
5699,3,classic,pos,classic,pos,True
5699,4,sci-fi,neg,sci-fi,neg,True
5699,5,space,neg,space,neg,True
6567,1,animation,pos,animation,pos,True
6567,2,disney,pos,disney,pos,True
6567,3,dvd,pos,dvd,pos,True
6567,4,magic,neg,magic,neg,True
6567,5,boring,pos,boring,pos,True
1547,1,oscar (best picture),pos,oscar (best picture),pos,True
1547,2,war,pos,war,pos,True
1547,3,action,pos,action,pos,True
1547,4,classic,neg,classic,neg,True
1547,5,drama,pos,drama,pos,True
4883,1,comic book,pos,comic book,pos,True
4883,2,dystopia,pos,dystopia,pos,True
4883,3,politics,pos,politics,pos,True
4883,4,revenge,pos,revenge,pos,True
4883,5,terrorism,pos,terrorism,pos,True
4425,1,classic,pos,classic,pos,True
4425,2,fantasy,pos,fantasy,pos,True
4425,3,based on a book,pos,based on a book,pos,True
4425,4,nonlinear,neg,nonlinear,neg,True
4425,5,oscar (best picture),neg,oscar (best picture),neg,True
4994,1,clint eastwood,pos,clint eastwood,pos,True
4994,2,boxing,pos,boxing,pos,True
4994,3,oscar (best picture),pos,oscar (best picture),pos,True
4994,4,morgan freeman,pos,morgan freeman,pos,True
4994,5,overrated,pos,overrated,pos,True
5592,1,comic book,pos,comic book,pos,True
5592,2,super-hero,pos,super-hero,pos,True
5592,3,superhero,pos,superhero,pos,True
5592,4,action,pos,action,pos,True
5592,5,future,pos,future,pos,True
7659,1,dark comedy,pos,dark comedy,pos,True
7659,2,classic,pos,classic,pos,True
7659,3,drugs,pos,drugs,pos,True
7659,4,cult film,pos,cult film,pos,True
7659,5,biography,pos,biography,pos,True
1718,1,classic,pos,classic,pos,True
1718,2,japan,pos,japan,pos,True
1718,3,historical,pos,historical,pos,True
1718,4,action,pos,action,pos,True
1718,5,los angeles,neg,los angeles,neg,True
6030,1,prison,pos,prison,pos,True
6030,2,classic,pos,classic,pos,True
6030,3,stephen king,pos,stephen king,pos,True
6030,4,based on a book,pos,based on a book,pos,True
6030,5,morgan freeman,pos,morgan freeman,pos,True
6256,1,high school,pos,high school,pos,True
6256,2,comedy,pos,comedy,pos,True
6256,3,slow,pos,slow,pos,True
6256,4,prison,neg,prison,neg,True
6256,5,comic book,neg,comic book,neg,True
725,1,great soundtrack,pos,great soundtrack,pos,True
725,2,black and white,pos,black and white,pos,True
725,3,dvd,pos,dvd,pos,True
725,4,drugs,neg,drugs,neg,True
725,5,religion,pos,religion,pos,True
258,1,classic,pos,classic,pos,True
258,2,woody allen,neg,woody allen,neg,True
258,3,based on a book,pos,based on a book,pos,True
258,4,war,pos,war,pos,True
258,5,fantasy,pos,fantasy,pos,True
6812,1,espionage,pos,espionage,pos,True
6812,2,matt damon,pos,matt damon,pos,True
6812,3,memory,pos,memory,pos,True
6812,4,boring,pos,boring,pos,True
6812,5,super-hero,neg,super-hero,neg,True
5578,1,action,pos,action,pos,True
5578,2,police,pos,police,pos,True
5578,3,time travel,neg,time travel,neg,True
5578,4,arnold schwarzenegger,neg,arnold schwarzenegger,neg,True
5578,5,sci-fi,neg,sci-fi,neg,True
1410,1,steven spielberg,pos,steven spielberg,pos,True
1410,2,harrison ford,pos,harrison ford,pos,True
1410,3,nazis,pos,nazis,pos,True
1410,4,classic,neg,classic,neg,True
1410,5,sci-fi,neg,sci-fi,neg,True
1294,1,high school,pos,high school,pos,True
1294,2,comedy,pos,comedy,pos,True
1294,3,slow,pos,slow,pos,True
1294,4,sci-fi,neg,sci-fi,neg,True
1294,5,space,neg,space,neg,True
2305,1,history,pos,history,pos,True
2305,2,dark comedy,pos,dark comedy,pos,True
2305,3,tom hanks,neg,tom hanks,neg,True
2305,4,martin scorsese,neg,martin scorsese,neg,True
2305,5,drugs,neg,drugs,neg,True
3491,1,martin scorsese,pos,martin scorsese,pos,True
3491,2,mafia,pos,mafia,pos,True
3491,3,oscar (best picture),neg,oscar (best picture),neg,True
3491,4,cannibalism,pos,cannibalism,pos,True
3491,5,violent,pos,violent,pos,True
5739,1,classic,pos,classic,pos,True
5739,2,war,pos,war,pos,True
5739,3,serial killer,neg,serial killer,neg,True
5739,4,space,neg,space,neg,True
5739,5,oscar (best picture),neg,oscar (best picture),neg,True
6350,1,mafia,pos,mafia,pos,True
6350,2,classic,pos,classic,pos,True
6350,3,organized crime,pos,organized crime,pos,True
6350,4,oscar (best picture),pos,oscar (best picture),pos,True
6350,5,sci-fi,neg,sci-fi,neg,True
3624,1,racism,pos,racism,pos,True
3624,2,overrated,pos,overrated,pos,True
3624,3,oscar (best picture),pos,oscar (best picture),pos,True
3624,4,holocaust,neg,holocaust,neg,True
3624,5,mel gibson,neg,mel gibson,neg,True
2592,1,classic,pos,classic,pos,True
2592,2,martin scorsese,pos,martin scorsese,pos,True
2592,3,cult film,pos,cult film,pos,True
2592,4,serial killer,neg,serial killer,neg,True
2592,5,crime,neg,crime,neg,True
2763,1,action,pos,action,pos,True
2763,2,tom hanks,neg,tom hanks,neg,True
2763,3,fantasy,neg,fantasy,neg,True
2763,4,quirky,pos,quirky,pos,True
2763,5,twist ending,neg,twist ending,neg,True
3580,1,dystopia,pos,dystopia,pos,True
3580,2,organized crime,neg,organized crime,neg,True
3580,3,sci-fi,neg,sci-fi,neg,True
3580,4,mafia,neg,mafia,neg,True
3580,5,comic book,neg,comic book,neg,True
1109,1,france,pos,france,pos,True
1109,2,paris,pos,paris,pos,True
1109,3,romance,pos,romance,pos,True
1109,4,quirky,pos,quirky,pos,True
1109,5,love,pos,love,pos,True
7150,1,seen more than once,pos,seen more than once,pos,True
7150,2,serial killer,neg,serial killer,neg,True
7150,3,british,pos,british,pos,True
7150,4,comedy,pos,comedy,pos,True
7150,5,girlie movie,pos,girlie movie,pos,True
1130,1,ghosts,pos,ghosts,pos,True
1130,2,action,pos,action,pos,True
1130,3,dvd,pos,dvd,pos,True
1130,4,holocaust,neg,holocaust,neg,True
1130,5,comedy,pos,comedy,pos,True
2746,1,paris,pos,paris,pos,True
2746,2,animation,pos,animation,pos,True
2746,3,funny,pos,funny,pos,True
2746,4,fantasy,neg,fantasy,neg,True
2746,5,france,pos,france,pos,True
1402,1,classic,pos,classic,pos,True
1402,2,oscar (best picture),pos,oscar (best picture),pos,True
1402,3,film noir,pos,film noir,pos,True
1402,4,world war ii,pos,world war ii,pos,True
1402,5,seen more than once,pos,seen more than once,pos,True
7956,1,world war ii,pos,world war ii,pos,True
7956,2,steven spielberg,pos,steven spielberg,pos,True
7956,3,tom hanks,pos,tom hanks,pos,True
7956,4,dvd,pos,dvd,pos,True
7956,5,drama,pos,drama,pos,True
5323,1,super-hero,pos,super-hero,pos,True
5323,2,superhero,pos,superhero,pos,True
5323,3,time travel,neg,time travel,neg,True
5323,4,comic book,pos,comic book,pos,True
5323,5,action,neg,action,neg,True
3995,1,dystopia,pos,dystopia,pos,True
3995,2,surreal,pos,surreal,pos,True
3995,3,time travel,neg,time travel,neg,True
3995,4,anime,neg,anime,neg,True
3995,5,satire,pos,satire,pos,True
1321,1,action,pos,action,pos,True
1321,2,police,pos,police,pos,True
1321,3,world war ii,neg,world war ii,neg,True
1321,4,los angeles,pos,los angeles,pos,True
1321,5,classic,pos,classic,pos,True
1598,1,ghosts,pos,ghosts,pos,True
1598,2,action,pos,action,pos,True
1598,3,sci-fi,neg,sci-fi,neg,True
1598,4,time travel,neg,time travel,neg,True
1598,5,mystery,pos,mystery,pos,True
3145,1,time travel,pos,time travel,pos,True
3145,2,seen more than once,pos,seen more than once,pos,True
3145,3,fantasy,pos,fantasy,pos,True
3145,4,comedy,pos,comedy,pos,True
3145,5,nonlinear,neg,nonlinear,neg,True
5271,1,world war ii,pos,world war ii,pos,True
5271,2,steven spielberg,pos,steven spielberg,pos,True
5271,3,tom hanks,pos,tom hanks,pos,True
5271,4,drama,pos,drama,pos,True
5271,5,war,pos,war,pos,True
5539,1,politics,pos,politics,pos,True
5539,2,history,pos,history,pos,True
5539,3,true story,pos,true story,pos,True
5539,4,classic,pos,classic,pos,True
5539,5,conspiracy,pos,conspiracy,pos,True
6424,1,time travel,pos,time travel,pos,True
6424,2,arnold schwarzenegger,pos,arnold schwarzenegger,pos,True
6424,3,sci-fi,pos,sci-fi,pos,True
6424,4,nudity (topless),pos,nudity (topless),pos,True
6424,5,serial killer,neg,serial killer,neg,True
6625,1,violence,pos,violence,pos,True
6625,2,organized crime,pos,organized crime,pos,True
6625,3,nonlinear,pos,nonlinear,pos,True
6625,4,time travel,neg,time travel,neg,True
6625,5,holocaust,neg,holocaust,neg,True
5805,1,hilarious,pos,hilarious,pos,True
5805,2,fun,pos,fun,pos,True
5805,3,parody,pos,parody,pos,True
5805,4,fantasy,neg,fantasy,neg,True
5805,5,seen more than once,pos,seen more than once,pos,True
131,1,crime,pos,crime,pos,True
131,2,tom hanks,neg,tom hanks,neg,True
131,3,twist ending,neg,twist ending,neg,True
131,4,conspiracy,pos,conspiracy,pos,True
131,5,quirky,neg,quirky,neg,True
2723,1,dystopia,neg,dystopia,neg,True
2723,2,los angeles,pos,los angeles,pos,True
2723,3,disturbing,pos,disturbing,pos,True
2723,4,surreal,pos,surreal,pos,True
2723,5,overrated,pos,overrated,pos,True
6817,1,classic,pos,classic,pos,True
6817,2,musical,pos,musical,pos,True
6817,3,music,pos,music,pos,True
6817,4,black and white,pos,black and white,pos,True
6817,5,police,pos,police,pos,True
4704,1,aliens,pos,aliens,pos,True
4704,2,dvd,neg,dvd,neg,True
4704,3,classic,pos,classic,pos,True
4704,4,time travel,neg,time travel,neg,True
4704,5,dystopia,neg,dystopia,neg,True
3986,1,johnny depp,pos,johnny depp,pos,True
3986,2,fantasy,neg,fantasy,neg,True
3986,3,magic,neg,magic,neg,True
3986,4,overrated,neg,overrated,neg,True
3986,5,true story,pos,true story,pos,True
7075,1,fantasy,pos,fantasy,pos,True
7075,2,oscar (best picture),pos,oscar (best picture),pos,True
7075,3,based on a book,pos,based on a book,pos,True
7075,4,adventure,pos,adventure,pos,True
7075,5,action,pos,action,pos,True
5553,1,nonlinear,neg,nonlinear,neg,True
5553,2,fantasy,neg,fantasy,neg,True
5553,3,disney,pos,disney,pos,True
5553,4,tom hanks,pos,tom hanks,pos,True
5553,5,harrison ford,neg,harrison ford,neg,True
756,1,seen more than once,pos,seen more than once,pos,True
756,2,action,pos,action,pos,True
756,3,samuel l jackson,pos,samuel l jackson,pos,True
756,4,overrated,pos,overrated,pos,True
756,5,drugs,neg,drugs,neg,True
1904,1,classic,pos,classic,pos,True
1904,2,disney,neg,disney,neg,True
1904,3,tom hanks,neg,tom hanks,neg,True
1904,4,sci-fi,neg,sci-fi,neg,True
1904,5,musical,pos,musical,pos,True
6260,1,british,pos,british,pos,True
6260,2,nonlinear,pos,nonlinear,pos,True
6260,3,chick flick,pos,chick flick,pos,True
6260,4,tom hanks,neg,tom hanks,neg,True
6260,5,london,pos,london,pos,True
4031,1,sci-fi,pos,sci-fi,pos,True
4031,2,fantasy,pos,fantasy,pos,True
4031,3,sequel,pos,sequel,pos,True
4031,4,aliens,neg,aliens,neg,True
4031,5,dvd,pos,dvd,pos,True
2706,1,matt damon,pos,matt damon,pos,True
2706,2,jude law,pos,jude law,pos,True
2706,3,murder,pos,murder,pos,True
2706,4,serial killer,pos,serial killer,pos,True
2706,5,crime,pos,crime,pos,True
6541,1,classic,pos,classic,pos,True
6541,2,racism,pos,racism,pos,True
6541,3,oscar (best actor),pos,oscar (best actor),pos,True
6541,4,holocaust,neg,holocaust,neg,True
6541,5,oscar (best picture),neg,oscar (best picture),neg,True
7934,1,space,pos,space,pos,True
7934,2,true story,pos,true story,pos,True
7934,3,classic,neg,classic,neg,True
7934,4,based on a true story,pos,based on a true story,pos,True
7934,5,tom hanks,pos,tom hanks,pos,True
4650,1,comic book,pos,comic book,pos,True
4650,2,superhero,pos,superhero,pos,True
4650,3,super-hero,pos,super-hero,pos,True
4650,4,marvel,pos,marvel,pos,True
4650,5,sci-fi,neg,sci-fi,neg,True
7637,1,parody,pos,parody,pos,True
7637,2,fantasy,neg,fantasy,neg,True
7637,3,hilarious,pos,hilarious,pos,True
7637,4,stupid,pos,stupid,pos,True
7637,5,action,neg,action,neg,True
5652,1,sci-fi,pos,sci-fi,pos,True
5652,2,space,pos,space,pos,True
5652,3,harrison ford,pos,harrison ford,pos,True
5652,4,classic,pos,classic,pos,True
5652,5,time travel,neg,time travel,neg,True
860,1,robots,pos,robots,pos,True
860,2,time travel,pos,time travel,pos,True
860,3,sci-fi,pos,sci-fi,pos,True
860,4,arnold schwarzenegger,pos,arnold schwarzenegger,pos,True
860,5,action,pos,action,pos,True
3834,1,mel gibson,pos,mel gibson,pos,True
3834,2,drama,pos,drama,pos,True
3834,3,epic,pos,epic,pos,True
3834,4,overrated,pos,overrated,pos,True
3834,5,history,pos,history,pos,True
2347,1,samuel l jackson,pos,samuel l jackson,pos,True
2347,2,nonlinear,pos,nonlinear,pos,True
2347,3,comedy,pos,comedy,pos,True
2347,4,crime,pos,crime,pos,True
2347,5,dark comedy,pos,dark comedy,pos,True
28,1,action,pos,action,pos,True
28,2,seen more than once,pos,seen more than once,pos,True
28,3,samuel l jackson,pos,samuel l jackson,pos,True
28,4,japan,pos,japan,pos,True
28,5,martial arts,pos,martial arts,pos,True
4245,1,action,neg,action,neg,True
4245,2,tom hanks,pos,tom hanks,pos,True
4245,3,romance,pos,romance,pos,True
4245,4,boring,pos,boring,pos,True
4245,5,remake,pos,remake,pos,True
5375,1,twist ending,pos,twist ending,pos,True
5375,2,ghosts,pos,ghosts,pos,True
5375,3,bruce willis,pos,bruce willis,pos,True
5375,4,action,neg,action,neg,True
5375,5,psychology,pos,psychology,pos,True
5523,1,mafia,pos,mafia,pos,True
5523,2,classic,pos,classic,pos,True
5523,3,organized crime,pos,organized crime,pos,True
5523,4,oscar (best picture),pos,oscar (best picture),pos,True
5523,5,new york city,pos,new york city,pos,True
6087,1,girlie movie,pos,girlie movie,pos,True
6087,2,ghosts,pos,ghosts,pos,True
6087,3,sci-fi,neg,sci-fi,neg,True
6087,4,prison,neg,prison,neg,True
6087,5,chick flick,pos,chick flick,pos,True
6953,1,mafia,pos,mafia,pos,True
6953,2,classic,pos,classic,pos,True
6953,3,organized crime,pos,organized crime,pos,True
6953,4,oscar (best picture),pos,oscar (best picture),pos,True
6953,5,family,pos,family,pos,True
6298,1,sci-fi,pos,sci-fi,pos,True
6298,2,space,pos,space,pos,True
6298,3,prison,neg,prison,neg,True
6298,4,harrison ford,pos,harrison ford,pos,True
6298,5,time travel,neg,time travel,neg,True
3727,1,sci-fi,pos,sci-fi,pos,True
3727,2,harrison ford,pos,harrison ford,pos,True
3727,3,space,pos,space,pos,True
3727,4,action,pos,action,pos,True
3727,5,fantasy,pos,fantasy,pos,True
7443,1,serial killer,pos,serial killer,pos,True
7443,2,crime,pos,crime,pos,True
7443,3,brad pitt,pos,brad pitt,pos,True
7443,4,morgan freeman,pos,morgan freeman,pos,True
7443,5,psychology,pos,psychology,pos,True
7191,1,oscar (best picture),pos,oscar (best picture),pos,True
7191,2,prison,neg,prison,neg,True
7191,3,classic,neg,classic,neg,True
7191,4,true story,pos,true story,pos,True
7191,5,oscar (best actor),pos,oscar (best actor),pos,True
6623,1,action,pos,action,pos,True
6623,2,tom hanks,neg,tom hanks,neg,True
6623,3,mel gibson,neg,mel gibson,neg,True
6623,4,holocaust,neg,holocaust,neg,True
6623,5,oscar (best picture),neg,oscar (best picture),neg,True
482,1,war,pos,war,pos,True
482,2,historical,pos,historical,pos,True
482,3,action,pos,action,pos,True
482,4,england,pos,england,pos,True
482,5,boring,pos,boring,pos,True
6645,1,parody,pos,parody,pos,True
6645,2,stupid,pos,stupid,pos,True
6645,3,sci-fi,neg,sci-fi,neg,True
6645,4,hilarious,pos,hilarious,pos,True
6645,5,classic,neg,classic,neg,True
3714,1,space,pos,space,pos,True
3714,2,anime,neg,anime,neg,True
3714,3,aliens,pos,aliens,pos,True
3714,4,classic,pos,classic,pos,True
3714,5,dvd,pos,dvd,pos,True
1009,1,martin scorsese,pos,martin scorsese,pos,True
1009,2,true story,pos,true story,pos,True
1009,3,drama,pos,drama,pos,True
1009,4,jude law,pos,jude law,pos,True
1009,5,biography,pos,biography,pos,True
4580,1,tom cruise,pos,tom cruise,pos,True
4580,2,fantasy,neg,fantasy,neg,True
4580,3,james bond,neg,james bond,neg,True
4580,4,death,pos,death,pos,True
4580,5,seen more than once,pos,seen more than once,pos,True
3080,1,mafia,pos,mafia,pos,True
3080,2,classic,pos,classic,pos,True
3080,3,organized crime,pos,organized crime,pos,True
3080,4,oscar (best picture),pos,oscar (best picture),pos,True
3080,5,oscar (best actor),pos,oscar (best actor),pos,True
877,1,quirky,pos,quirky,pos,True
877,2,dark comedy,pos,dark comedy,pos,True
877,3,crime,pos,crime,pos,True
877,4,black comedy,pos,black comedy,pos,True
877,5,murder,pos,murder,pos,True
2295,1,animation,pos,animation,pos,True
2295,2,disney,pos,disney,pos,True
2295,3,dvd,pos,dvd,pos,True
2295,4,sci-fi,neg,sci-fi,neg,True
2295,5,twist ending,neg,twist ending,neg,True
2322,1,post apocalyptic,pos,post apocalyptic,pos,True
2322,2,cannibalism,pos,cannibalism,pos,True
2322,3,post-apocalyptic,pos,post-apocalyptic,pos,True
2322,4,comedy,pos,comedy,pos,True
2322,5,violence,neg,violence,neg,True
1467,1,brad pitt,pos,brad pitt,pos,True
1467,2,hilarious,pos,hilarious,pos,True
1467,3,crime,pos,crime,pos,True
1467,4,comedy,pos,comedy,pos,True
1467,5,time travel,neg,time travel,neg,True
1128,1,aliens,pos,aliens,pos,True
1128,2,anime,neg,anime,neg,True
1128,3,los angeles,pos,los angeles,pos,True
1128,4,cult film,pos,cult film,pos,True
1128,5,conspiracy,pos,conspiracy,pos,True
1212,1,ghosts,pos,ghosts,pos,True
1212,2,action,pos,action,pos,True
1212,3,sci-fi,neg,sci-fi,neg,True
1212,4,mystery,pos,mystery,pos,True
1212,5,prison,neg,prison,neg,True
5587,1,aliens,pos,aliens,pos,True
5587,2,satire,pos,satire,pos,True
5587,3,space,pos,space,pos,True
5587,4,nudity (topless),pos,nudity (topless),pos,True
5587,5,serial killer,neg,serial killer,neg,True
2686,1,cannibalism,pos,cannibalism,pos,True
2686,2,post apocalyptic,pos,post apocalyptic,pos,True
2686,3,sci-fi,neg,sci-fi,neg,True
2686,4,comedy,pos,comedy,pos,True
2686,5,drugs,neg,drugs,neg,True
6157,1,classic,neg,classic,neg,True
6157,2,tom cruise,pos,tom cruise,pos,True
6157,3,tom hanks,neg,tom hanks,neg,True
6157,4,sci-fi,neg,sci-fi,neg,True
6157,5,twist ending,neg,twist ending,neg,True
1701,1,time travel,pos,time travel,pos,True
1701,2,sci-fi,pos,sci-fi,pos,True
1701,3,arnold schwarzenegger,pos,arnold schwarzenegger,pos,True
1701,4,nudity (topless),pos,nudity (topless),pos,True
1701,5,serial killer,neg,serial killer,neg,True
861,1,funny,pos,funny,pos,True
861,2,comedy,pos,comedy,pos,True
861,3,oscar (best actor),pos,oscar (best actor),pos,True
861,4,sci-fi,neg,sci-fi,neg,True
861,5,space,neg,space,neg,True
3893,1,espionage,pos,espionage,pos,True
3893,2,matt damon,pos,matt damon,pos,True
3893,3,memory,pos,memory,pos,True
3893,4,boring,pos,boring,pos,True
3893,5,action,pos,action,pos,True
784,1,vampires,neg,vampires,neg,True
784,2,classic,pos,classic,pos,True
784,3,sci-fi,neg,sci-fi,neg,True
784,4,quirky,pos,quirky,pos,True
784,5,dvd,neg,dvd,neg,True
4584,1,fantasy,pos,fantasy,pos,True
4584,2,sci-fi,neg,sci-fi,neg,True
4584,3,children,pos,children,pos,True
4584,4,disney,neg,disney,neg,True
4584,5,sequel,pos,sequel,pos,True
1504,1,surreal,pos,surreal,pos,True
1504,2,serial killer,neg,serial killer,neg,True
1504,3,seen more than once,pos,seen more than once,pos,True
1504,4,nonlinear,neg,nonlinear,neg,True
1504,5,dark comedy,pos,dark comedy,pos,True
2829,1,oscar (best picture),pos,oscar (best picture),pos,True
2829,2,war,pos,war,pos,True
2829,3,surreal,neg,surreal,neg,True
2829,4,biography,pos,biography,pos,True
2829,5,classic,pos,classic,pos,True
1421,1,classic,pos,classic,pos,True
1421,2,world war ii,pos,world war ii,pos,True
1421,3,oscar (best picture),pos,oscar (best picture),pos,True
1421,4,family,pos,family,pos,True
1421,5,seen more than once,pos,seen more than once,pos,True
6292,1,fantasy,pos,fantasy,pos,True
6292,2,dvd,pos,dvd,pos,True
6292,3,magic,pos,magic,pos,True
6292,4,overrated,pos,overrated,pos,True
6292,5,action,pos,action,pos,True
3013,1,drugs,pos,drugs,pos,True
3013,2,violence,pos,violence,pos,True
3013,3,crime,pos,crime,pos,True
3013,4,based on a book,pos,based on a book,pos,True
3013,5,great soundtrack,pos,great soundtrack,pos,True
7714,1,surreal,pos,surreal,pos,True
7714,2,jim carrey,pos,jim carrey,pos,True
7714,3,memory,pos,memory,pos,True
7714,4,quirky,pos,quirky,pos,True
7714,5,love,pos,love,pos,True
7199,1,johnny depp,pos,johnny depp,pos,True
7199,2,remake,pos,remake,pos,True
7199,3,children,pos,children,pos,True
7199,4,comic book,neg,comic book,neg,True
7199,5,dark,pos,dark,pos,True
5425,1,fantasy,neg,fantasy,neg,True
5425,2,suicide,pos,suicide,pos,True
5425,3,dark,pos,dark,pos,True
5425,4,depressing,pos,depressing,pos,True
5425,5,nicolas cage,pos,nicolas cage,pos,True
6160,1,time travel,pos,time travel,pos,True
6160,2,tom hanks,neg,tom hanks,neg,True
6160,3,harrison ford,neg,harrison ford,neg,True
6160,4,sequel,pos,sequel,pos,True
6160,5,classic,neg,classic,neg,True
2277,1,hitchcock,pos,hitchcock,pos,True
2277,2,classic,pos,classic,pos,True
2277,3,alfred hitchcock,pos,alfred hitchcock,pos,True
2277,4,thriller,pos,thriller,pos,True
2277,5,prison,neg,prison,neg,True
1968,1,robots,pos,robots,pos,True
1968,2,funny,pos,funny,pos,True
1968,3,tom hanks,neg,tom hanks,neg,True
1968,4,fun,pos,fun,pos,True
1968,5,classic,pos,classic,pos,True
3813,1,hilarious,pos,hilarious,pos,True
3813,2,fantasy,neg,fantasy,neg,True
3813,3,fun,pos,fun,pos,True
3813,4,parody,pos,parody,pos,True
3813,5,seen more than once,pos,seen more than once,pos,True
173,1,religion,pos,religion,pos,True
173,2,hilarious,pos,hilarious,pos,True
173,3,parody,pos,parody,pos,True
173,4,comedy,pos,comedy,pos,True
173,5,funny,pos,funny,pos,True
1642,1,action,pos,action,pos,True
1642,2,racism,neg,racism,neg,True
1642,3,prison,neg,prison,neg,True
1642,4,classic,pos,classic,pos,True
1642,5,tom hanks,neg,tom hanks,neg,True
5772,1,sci-fi,pos,sci-fi,pos,True
5772,2,space,pos,space,pos,True
5772,3,harrison ford,pos,harrison ford,pos,True
5772,4,classic,pos,classic,pos,True
5772,5,action,pos,action,pos,True
5356,1,heist,pos,heist,pos,True
5356,2,crime,pos,crime,pos,True
5356,3,brad pitt,pos,brad pitt,pos,True
5356,4,matt damon,pos,matt damon,pos,True
5356,5,twist ending,neg,twist ending,neg,True
1472,1,tom hanks,pos,tom hanks,pos,True
1472,2,new york,pos,new york,pos,True
1472,3,children,pos,children,pos,True
1472,4,classic,neg,classic,neg,True
1472,5,new york city,pos,new york city,pos,True
7887,1,history,pos,history,pos,True
7887,2,france,pos,france,pos,True
7887,3,remake,pos,remake,pos,True
7887,4,magic,pos,magic,pos,True
7887,5,true story,neg,true story,neg,True
5021,1,serial killer,pos,serial killer,pos,True
5021,2,cannibalism,pos,cannibalism,pos,True
5021,3,crime,pos,crime,pos,True
5021,4,oscar (best picture),pos,oscar (best picture),pos,True
5021,5,oscar (best actor),pos,oscar (best actor),pos,True
5749,1,comic book,pos,comic book,pos,True
5749,2,super-hero,pos,super-hero,pos,True
5749,3,marvel,pos,marvel,pos,True
5749,4,sci-fi,pos,sci-fi,pos,True
5749,5,superhero,pos,superhero,pos,True
530,1,twist ending,pos,twist ending,pos,True
530,2,suspense,pos,suspense,pos,True
530,3,organized crime,pos,organized crime,pos,True
530,4,crime,pos,crime,pos,True
530,5,time travel,neg,time travel,neg,True
2586,1,serial killer,pos,serial killer,pos,True
2586,2,cannibalism,pos,cannibalism,pos,True
2586,3,crime,pos,crime,pos,True
2586,4,oscar (best picture),pos,oscar (best picture),pos,True
2586,5,oscar (best actor),pos,oscar (best actor),pos,True
164,1,anime,pos,anime,pos,True
164,2,adventure,pos,adventure,pos,True
164,3,fun,pos,fun,pos,True
164,4,robots,pos,robots,pos,True
164,5,great soundtrack,pos,great soundtrack,pos,True
1166,1,cult film,pos,cult film,pos,True
1166,2,aliens,pos,aliens,pos,True
1166,3,musical,pos,musical,pos,True
1166,4,murder,pos,murder,pos,True
1166,5,sci-fi,neg,sci-fi,neg,True
3198,1,time travel,pos,time travel,pos,True
3198,2,brad pitt,pos,brad pitt,pos,True
3198,3,bruce willis,pos,bruce willis,pos,True
3198,4,dystopia,pos,dystopia,pos,True
3198,5,post apocalyptic,pos,post apocalyptic,pos,True
1455,1,chick flick,pos,chick flick,pos,True
1455,2,girlie movie,pos,girlie movie,pos,True
1455,3,fun,pos,fun,pos,True
1455,4,sci-fi,neg,sci-fi,neg,True
1455,5,classic,pos,classic,pos,True
6095,1,war,pos,war,pos,True
6095,2,oscar (best picture),pos,oscar (best picture),pos,True
6095,3,prison,neg,prison,neg,True
6095,4,classic,neg,classic,neg,True
6095,5,tom hanks,neg,tom hanks,neg,True
7971,1,sci-fi,pos,sci-fi,pos,True
7971,2,space,pos,space,pos,True
7971,3,harrison ford,pos,harrison ford,pos,True
7971,4,fantasy,pos,fantasy,pos,True
7971,5,sequel,pos,sequel,pos,True
2188,1,action,pos,action,pos,True
2188,2,predictable,pos,predictable,pos,True
2188,3,girlie movie,pos,girlie movie,pos,True
2188,4,love,pos,love,pos,True
2188,5,chick flick,pos,chick flick,pos,True
2522,1,aliens,pos,aliens,pos,True
2522,2,mel gibson,pos,mel gibson,pos,True
2522,3,tom hanks,neg,tom hanks,neg,True
2522,4,time travel,neg,time travel,neg,True
2522,5,animation,neg,animation,neg,True
4123,1,classic,pos,classic,pos,True
4123,2,sci-fi,neg,sci-fi,neg,True
4123,3,based on a book,pos,based on a book,pos,True
4123,4,disney,neg,disney,neg,True
4123,5,surreal,neg,surreal,neg,True
6492,1,nonlinear,pos,nonlinear,pos,True
6492,2,samuel l jackson,pos,samuel l jackson,pos,True
6492,3,dark comedy,pos,dark comedy,pos,True
6492,4,organized crime,pos,organized crime,pos,True
6492,5,comedy,pos,comedy,pos,True
6095,1,world war ii,pos,world war ii,pos,True
6095,2,war,pos,war,pos,True
6095,3,classic,pos,classic,pos,True
6095,4,oscar (best picture),pos,oscar (best picture),pos,True
6095,5,oscar (best actor),pos,oscar (best actor),pos,True
4523,1,nonlinear,neg,nonlinear,neg,True
4523,2,suicide,pos,suicide,pos,True
4523,3,depressing,pos,depressing,pos,True
4523,4,nicolas cage,pos,nicolas cage,pos,True
4523,5,dark,pos,dark,pos,True
891,1,baseball,pos,baseball,pos,True
891,2,sports,pos,sports,pos,True
891,3,seen more than once,pos,seen more than once,pos,True
891,4,fantasy,pos,fantasy,pos,True
891,5,drama,pos,drama,pos,True
5486,1,oscar (best picture),pos,oscar (best picture),pos,True
5486,2,prison,neg,prison,neg,True
5486,3,oscar (best actor),pos,oscar (best actor),pos,True
5486,4,holocaust,neg,holocaust,neg,True
5486,5,true story,pos,true story,pos,True
5785,1,drugs,pos,drugs,pos,True
5785,2,british,pos,british,pos,True
5785,3,organized crime,pos,organized crime,pos,True
5785,4,violence,pos,violence,pos,True
5785,5,dvd,pos,dvd,pos,True
2843,1,magic,pos,magic,pos,True
2843,2,johnny depp,neg,johnny depp,neg,True
2843,3,fantasy,pos,fantasy,pos,True
2843,4,adventure,neg,adventure,neg,True
2843,5,sad,pos,sad,pos,True
7969,1,classic,pos,classic,pos,True
7969,2,oscar (best picture),pos,oscar (best picture),pos,True
7969,3,film noir,pos,film noir,pos,True
7969,4,world war ii,pos,world war ii,pos,True
7969,5,seen more than once,pos,seen more than once,pos,True
6115,1,crime,pos,crime,pos,True
6115,2,tom hanks,pos,tom hanks,pos,True
6115,3,serial killer,neg,serial killer,neg,True
6115,4,prison,neg,prison,neg,True
6115,5,action,neg,action,neg,True
515,1,martial arts,pos,martial arts,pos,True
515,2,overrated,pos,overrated,pos,True
515,3,drugs,neg,drugs,neg,True
515,4,action,pos,action,pos,True
515,5,seen more than once,pos,seen more than once,pos,True
4740,1,nonlinear,pos,nonlinear,pos,True
4740,2,memory,pos,memory,pos,True
4740,3,mystery,pos,mystery,pos,True
4740,4,twist ending,pos,twist ending,pos,True
4740,5,death,pos,death,pos,True
725,1,space,pos,space,pos,True
725,2,aliens,pos,aliens,pos,True
725,3,sci-fi,pos,sci-fi,pos,True
725,4,dvd,pos,dvd,pos,True
725,5,classic,pos,classic,pos,True
7633,1,007,pos,007,pos,True
7633,2,bond,pos,bond,pos,True
7633,3,james bond,pos,james bond,pos,True
7633,4,sci-fi,neg,sci-fi,neg,True
7633,5,world war ii,pos,world war ii,pos,True
7092,1,revenge,pos,revenge,pos,True
7092,2,action,neg,action,neg,True
7092,3,funny,pos,funny,pos,True
7092,4,fantasy,pos,fantasy,pos,True
7092,5,quirky,pos,quirky,pos,True
4460,1,serial killer,pos,serial killer,pos,True
4460,2,crime,pos,crime,pos,True
4460,3,cannibalism,pos,cannibalism,pos,True
4460,4,oscar (best picture),pos,oscar (best picture),pos,True
4460,5,disturbing,pos,disturbing,pos,True
2416,1,dystopia,pos,dystopia,pos,True
2416,2,nudity (topless - brief),pos,nudity (topless - brief),pos,True
2416,3,action,neg,action,neg,True
2416,4,violence,pos,violence,pos,True
2416,5,disturbing,pos,disturbing,pos,True
2988,1,steven spielberg,pos,steven spielberg,pos,True
2988,2,thriller,pos,thriller,pos,True
2988,3,tom hanks,neg,tom hanks,neg,True
2988,4,dvd,neg,dvd,neg,True
2988,5,time travel,neg,time travel,neg,True
3545,1,london,pos,london,pos,True
3545,2,sports,pos,sports,pos,True
3545,3,great movie,pos,great movie,pos,True
3545,4,comic book,neg,comic book,neg,True
3545,5,funny,pos,funny,pos,True
6135,1,classic,pos,classic,pos,True
6135,2,war,pos,war,pos,True
6135,3,oscar (best picture),neg,oscar (best picture),neg,True
6135,4,fantasy,pos,fantasy,pos,True
6135,5,sci-fi,neg,sci-fi,neg,True
1915,1,space,pos,space,pos,True
1915,2,aliens,pos,aliens,pos,True
1915,3,dvd,pos,dvd,pos,True
1915,4,classic,pos,classic,pos,True
1915,5,harrison ford,neg,harrison ford,neg,True
7193,1,fairy tale,pos,fairy tale,pos,True
7193,2,animation,pos,animation,pos,True
7193,3,classic,neg,classic,neg,True
7193,4,serial killer,neg,serial killer,neg,True
7193,5,sequel,pos,sequel,pos,True
2496,1,sci-fi,pos,sci-fi,pos,True
2496,2,fantasy,pos,fantasy,pos,True
2496,3,dystopia,pos,dystopia,pos,True
2496,4,aliens,pos,aliens,pos,True
2496,5,surreal,pos,surreal,pos,True
4403,1,drugs,pos,drugs,pos,True
4403,2,based on a book,pos,based on a book,pos,True
4403,3,crime,pos,crime,pos,True
4403,4,violence,pos,violence,pos,True
4403,5,nonlinear,neg,nonlinear,neg,True
227,1,comic book,pos,comic book,pos,True
227,2,bruce willis,pos,bruce willis,pos,True
227,3,action,pos,action,pos,True
227,4,super-hero,pos,super-hero,pos,True
227,5,superhero,pos,superhero,pos,True
869,1,drama,pos,drama,pos,True
869,2,twist ending,pos,twist ending,pos,True
869,3,psychology,pos,psychology,pos,True
869,4,ghosts,neg,ghosts,neg,True
869,5,surreal,neg,surreal,neg,True
5792,1,fantasy,pos,fantasy,pos,True
5792,2,based on a book,pos,based on a book,pos,True
5792,3,overrated,pos,overrated,pos,True
5792,4,magic,pos,magic,pos,True
5792,5,dvd,pos,dvd,pos,True
5355,1,twist ending,pos,twist ending,pos,True
5355,2,ghosts,pos,ghosts,pos,True
5355,3,bruce willis,pos,bruce willis,pos,True
5355,4,psychology,pos,psychology,pos,True
5355,5,drama,pos,drama,pos,True
1960,1,bruce willis,pos,bruce willis,pos,True
1960,2,action,pos,action,pos,True
1960,3,zombies,neg,zombies,neg,True
1960,4,ghosts,neg,ghosts,neg,True
1960,5,twist ending,neg,twist ending,neg,True
1908,1,animation,pos,animation,pos,True
1908,2,disney,pos,disney,pos,True
1908,3,comedy,pos,comedy,pos,True
1908,4,children,pos,children,pos,True
1908,5,sci-fi,neg,sci-fi,neg,True
2052,1,classic,pos,classic,pos,True
2052,2,war,pos,war,pos,True
2052,3,holocaust,neg,holocaust,neg,True
2052,4,twist ending,neg,twist ending,neg,True
2052,5,fantasy,pos,fantasy,pos,True
7797,1,samuel l jackson,pos,samuel l jackson,pos,True
7797,2,nonlinear,pos,nonlinear,pos,True
7797,3,comedy,pos,comedy,pos,True
7797,4,dark comedy,pos,dark comedy,pos,True
7797,5,crime,pos,crime,pos,True
6554,1,martin scorsese,pos,martin scorsese,pos,True
6554,2,mafia,pos,mafia,pos,True
6554,3,holocaust,neg,holocaust,neg,True
6554,4,classic,neg,classic,neg,True
6554,5,oscar (best picture),neg,oscar (best picture),neg,True
4442,1,animation,pos,animation,pos,True
4442,2,disney,pos,disney,pos,True
4442,3,children,pos,children,pos,True
4442,4,comedy,pos,comedy,pos,True
4442,5,time travel,neg,time travel,neg,True
1611,1,tom hanks,pos,tom hanks,pos,True
1611,2,crime,pos,crime,pos,True
1611,3,true story,pos,true story,pos,True
1611,4,serial killer,neg,serial killer,neg,True
1611,5,steven spielberg,pos,steven spielberg,pos,True
5597,1,romance,pos,romance,pos,True
5597,2,tom hanks,pos,tom hanks,pos,True
5597,3,magic,neg,magic,neg,True
5597,4,chick flick,pos,chick flick,pos,True
5597,5,ghosts,neg,ghosts,neg,True
155,1,zombies,pos,zombies,pos,True
155,2,nudity (topless - brief),pos,nudity (topless - brief),pos,True
155,3,horror,pos,horror,pos,True
155,4,action,pos,action,pos,True
155,5,comedy,pos,comedy,pos,True
5369,1,nonlinear,pos,nonlinear,pos,True
5369,2,memory,pos,memory,pos,True
5369,3,mystery,pos,mystery,pos,True
5369,4,drugs,neg,drugs,neg,True
5369,5,fantasy,neg,fantasy,neg,True
2142,1,martin scorsese,pos,martin scorsese,pos,True
2142,2,beautiful,pos,beautiful,pos,True
2142,3,boxing,pos,boxing,pos,True
2142,4,classic,pos,classic,pos,True
2142,5,world war ii,neg,world war ii,neg,True
4278,1,twist ending,pos,twist ending,pos,True
4278,2,suspense,pos,suspense,pos,True
4278,3,organized crime,pos,organized crime,pos,True
4278,4,conspiracy,pos,conspiracy,pos,True
4278,5,serial killer,neg,serial killer,neg,True
1733,1,japan,pos,japan,pos,True
1733,2,anime,neg,anime,neg,True
1733,3,classic,pos,classic,pos,True
1733,4,historical,pos,historical,pos,True
1733,5,action,pos,action,pos,True
302,1,racism,pos,racism,pos,True
302,2,prison,pos,prison,pos,True
302,3,violence,pos,violence,pos,True
302,4,nazis,pos,nazis,pos,True
302,5,classic,neg,classic,neg,True
3879,1,action,pos,action,pos,True
3879,2,sci-fi,neg,sci-fi,neg,True
3879,3,police,pos,police,pos,True
3879,4,los angeles,pos,los angeles,pos,True
3879,5,sequel,pos,sequel,pos,True
7604,1,alfred hitchcock,pos,alfred hitchcock,pos,True
7604,2,hitchcock,pos,hitchcock,pos,True
7604,3,sci-fi,neg,sci-fi,neg,True
7604,4,seen more than once,pos,seen more than once,pos,True
7604,5,action,neg,action,neg,True
1162,1,fairy tale,pos,fairy tale,pos,True
1162,2,animation,pos,animation,pos,True
1162,3,fantasy,neg,fantasy,neg,True
1162,4,funny,pos,funny,pos,True
1162,5,disney,pos,disney,pos,True
1688,1,vampires,pos,vampires,pos,True
1688,2,vampire,pos,vampire,pos,True
1688,3,bruce willis,pos,bruce willis,pos,True
1688,4,nudity (topless),pos,nudity (topless),pos,True
1688,5,dvd,pos,dvd,pos,True
2791,1,world war ii,pos,world war ii,pos,True
2791,2,oscar (best picture),neg,oscar (best picture),neg,True
2791,3,true story,pos,true story,pos,True
2791,4,classic,pos,classic,pos,True
2791,5,historical,pos,historical,pos,True
4949,1,terrorism,pos,terrorism,pos,True
4949,2,politics,pos,politics,pos,True
4949,3,documentary,pos,documentary,pos,True
4949,4,conspiracy,pos,conspiracy,pos,True
4949,5,history,neg,history,neg,True
790,1,comic book,pos,comic book,pos,True
790,2,super-hero,pos,super-hero,pos,True
790,3,sci-fi,pos,sci-fi,pos,True
790,4,dvd,pos,dvd,pos,True
790,5,action,pos,action,pos,True
2420,1,music,pos,music,pos,True
2420,2,classic,pos,classic,pos,True
2420,3,oscar (best picture),neg,oscar (best picture),neg,True
2420,4,quirky,pos,quirky,pos,True
2420,5,documentary,pos,documentary,pos,True
1111,1,chick flick,pos,chick flick,pos,True
1111,2,girlie movie,pos,girlie movie,pos,True
1111,3,cute,pos,cute,pos,True
1111,4,fantasy,neg,fantasy,neg,True
1111,5,classic,pos,classic,pos,True
1856,1,dvd,pos,dvd,pos,True
1856,2,drugs,neg,drugs,neg,True
1856,3,comedy,pos,comedy,pos,True
1856,4,tom hanks,neg,tom hanks,neg,True
1856,5,parody,pos,parody,pos,True
6590,1,oscar (best picture),pos,oscar (best picture),pos,True
6590,2,seen more than once,pos,seen more than once,pos,True
6590,3,classic,neg,classic,neg,True
6590,4,sci-fi,neg,sci-fi,neg,True
6590,5,world war ii,neg,world war ii,neg,True
2932,1,comic book,pos,comic book,pos,True
2932,2,super-hero,pos,super-hero,pos,True
2932,3,superhero,pos,superhero,pos,True
2932,4,action,pos,action,pos,True
2932,5,fantasy,neg,fantasy,neg,True
295,1,classic,pos,classic,pos,True
295,2,space,pos,space,pos,True
295,3,prison,neg,prison,neg,True
295,4,tom hanks,neg,tom hanks,neg,True
295,5,sci-fi,pos,sci-fi,pos,True
7238,1,vampires,pos,vampires,pos,True
7238,2,vampire,pos,vampire,pos,True
7238,3,marvel,pos,marvel,pos,True
7238,4,super-hero,neg,super-hero,neg,True
7238,5,comic book,pos,comic book,pos,True
21,1,overrated,pos,overrated,pos,True
21,2,los angeles,pos,los angeles,pos,True
21,3,nonlinear,pos,nonlinear,pos,True
21,4,surreal,pos,surreal,pos,True
21,5,disturbing,pos,disturbing,pos,True
2505,1,overrated,pos,overrated,pos,True
2505,2,drama,pos,drama,pos,True
2505,3,time travel,pos,time travel,pos,True
2505,4,romance,pos,romance,pos,True
2505,5,prison,neg,prison,neg,True
492,1,sci-fi,pos,sci-fi,pos,True
492,2,space,pos,space,pos,True
492,3,harrison ford,pos,harrison ford,pos,True
492,4,classic,pos,classic,pos,True
492,5,action,pos,action,pos,True
2661,1,action,pos,action,pos,True
2661,2,espionage,pos,espionage,pos,True
2661,3,arnold schwarzenegger,pos,arnold schwarzenegger,pos,True
2661,4,family,pos,family,pos,True
2661,5,super-hero,neg,super-hero,neg,True
4645,1,time travel,pos,time travel,pos,True
4645,2,surreal,pos,surreal,pos,True
4645,3,psychology,pos,psychology,pos,True
4645,4,quirky,pos,quirky,pos,True
4645,5,harrison ford,neg,harrison ford,neg,True
4607,1,superhero,pos,superhero,pos,True
4607,2,super-hero,pos,super-hero,pos,True
4607,3,comic book,pos,comic book,pos,True
4607,4,marvel,pos,marvel,pos,True
4607,5,magic,neg,magic,neg,True
7273,1,superhero,pos,superhero,pos,True
7273,2,super-hero,pos,super-hero,pos,True
7273,3,comic book,pos,comic book,pos,True
7273,4,aliens,pos,aliens,pos,True
7273,5,fantasy,pos,fantasy,pos,True
32,1,dystopia,pos,dystopia,pos,True
32,2,prison,pos,prison,pos,True
32,3,disturbing,pos,disturbing,pos,True
32,4,nudity (topless - brief),pos,nudity (topless - brief),pos,True
32,5,classic,pos,classic,pos,True
4805,1,dystopia,pos,dystopia,pos,True
4805,2,robots,pos,robots,pos,True
4805,3,anime,neg,anime,neg,True
4805,4,fantasy,neg,fantasy,neg,True
4805,5,super-hero,pos,super-hero,pos,True
6729,1,sci-fi,neg,sci-fi,neg,True
6729,2,space,neg,space,neg,True
6729,3,steven spielberg,neg,steven spielberg,neg,True
6729,4,comedy,pos,comedy,pos,True
6729,5,nonlinear,neg,nonlinear,neg,True
2075,1,animation,pos,animation,pos,True
2075,2,disney,pos,disney,pos,True
2075,3,dvd,pos,dvd,pos,True
2075,4,sci-fi,neg,sci-fi,neg,True
2075,5,boring,pos,boring,pos,True
6338,1,harrison ford,pos,harrison ford,pos,True
6338,2,sci-fi,pos,sci-fi,pos,True
6338,3,based on a book,pos,based on a book,pos,True
6338,4,dystopia,pos,dystopia,pos,True
6338,5,future,pos,future,pos,True
2660,1,surreal,pos,surreal,pos,True
2660,2,seen more than once,pos,seen more than once,pos,True
2660,3,dark comedy,pos,dark comedy,pos,True
2660,4,time travel,neg,time travel,neg,True
2660,5,brad pitt,neg,brad pitt,neg,True
211,1,seen more than once,pos,seen more than once,pos,True
211,2,fantasy,neg,fantasy,neg,True
211,3,action,pos,action,pos,True
211,4,quirky,pos,quirky,pos,True
211,5,samuel l jackson,pos,samuel l jackson,pos,True
4887,1,religion,pos,religion,pos,True
4887,2,hilarious,pos,hilarious,pos,True
4887,3,comedy,pos,comedy,pos,True
4887,4,violence,neg,violence,neg,True
4887,5,parody,pos,parody,pos,True
6536,1,tom hanks,pos,tom hanks,pos,True
6536,2,organized crime,pos,organized crime,pos,True
6536,3,jude law,pos,jude law,pos,True
6536,4,nonlinear,neg,nonlinear,neg,True
6536,5,memory,neg,memory,neg,True
1866,1,anime,pos,anime,pos,True
1866,2,adventure,pos,adventure,pos,True
1866,3,fun,pos,fun,pos,True
1866,4,great soundtrack,pos,great soundtrack,pos,True
1866,5,sci-fi,pos,sci-fi,pos,True
5586,1,hitchcock,pos,hitchcock,pos,True
5586,2,classic,pos,classic,pos,True
5586,3,alfred hitchcock,pos,alfred hitchcock,pos,True
5586,4,thriller,pos,thriller,pos,True
5586,5,quirky,neg,quirky,neg,True
1041,1,drugs,pos,drugs,pos,True
1041,2,quirky,pos,quirky,pos,True
1041,3,cute,pos,cute,pos,True
1041,4,family,pos,family,pos,True
1041,5,funny,pos,funny,pos,True
6298,1,super-hero,pos,super-hero,pos,True
6298,2,fantasy,neg,fantasy,neg,True
6298,3,dystopia,pos,dystopia,pos,True
6298,4,time travel,neg,time travel,neg,True
6298,5,sci-fi,neg,sci-fi,neg,True
3232,1,prison,pos,prison,pos,True
3232,2,classic,pos,classic,pos,True
3232,3,stephen king,pos,stephen king,pos,True
3232,4,based on a book,pos,based on a book,pos,True
3232,5,morgan freeman,pos,morgan freeman,pos,True
2788,1,zombies,pos,zombies,pos,True
2788,2,comedy,pos,comedy,pos,True
2788,3,horror,pos,horror,pos,True
2788,4,cult film,pos,cult film,pos,True
2788,5,arnold schwarzenegger,pos,arnold schwarzenegger,pos,True
2549,1,jim carrey,pos,jim carrey,pos,True
2549,2,morgan freeman,pos,morgan freeman,pos,True
2549,3,bruce willis,neg,bruce willis,neg,True
2549,4,seen more than once,pos,seen more than once,pos,True
2549,5,funny,pos,funny,pos,True
4189,1,surreal,pos,surreal,pos,True
4189,2,jim carrey,pos,jim carrey,pos,True
4189,3,memory,pos,memory,pos,True
4189,4,love,pos,love,pos,True
4189,5,sci-fi,pos,sci-fi,pos,True
5869,1,surreal,pos,surreal,pos,True
5869,2,jim carrey,pos,jim carrey,pos,True
5869,3,memory,pos,memory,pos,True
5869,4,love,pos,love,pos,True
5869,5,sci-fi,pos,sci-fi,pos,True
2053,1,action,pos,action,pos,True
2053,2,aliens,pos,aliens,pos,True
2053,3,war,pos,war,pos,True
2053,4,tom hanks,neg,tom hanks,neg,True
2053,5,stupid,pos,stupid,pos,True
69,1,animation,pos,animation,pos,True
69,2,disney,pos,disney,pos,True
69,3,dvd,pos,dvd,pos,True
69,4,fairy tale,neg,fairy tale,neg,True
69,5,boring,pos,boring,pos,True
2866,1,space,pos,space,pos,True
2866,2,sci-fi,pos,sci-fi,pos,True
2866,3,aliens,pos,aliens,pos,True
2866,4,dvd,pos,dvd,pos,True
2866,5,classic,pos,classic,pos,True
1059,1,war,pos,war,pos,True
1059,2,oscar (best picture),pos,oscar (best picture),pos,True
1059,3,classic,neg,classic,neg,True
1059,4,action,neg,action,neg,True
1059,5,prison,neg,prison,neg,True
4664,1,anime,pos,anime,pos,True
4664,2,holocaust,pos,holocaust,pos,True
4664,3,magic,pos,magic,pos,True
4664,4,war,pos,war,pos,True
4664,5,romance,pos,romance,pos,True
1103,1,sci-fi,pos,sci-fi,pos,True
1103,2,dystopia,pos,dystopia,pos,True
1103,3,martial arts,pos,martial arts,pos,True
1103,4,dvd,pos,dvd,pos,True
1103,5,action,pos,action,pos,True
3163,1,action,pos,action,pos,True
3163,2,sequel,pos,sequel,pos,True
3163,3,romance,pos,romance,pos,True
3163,4,johnny depp,neg,johnny depp,neg,True
3163,5,thriller,pos,thriller,pos,True
3424,1,twist ending,pos,twist ending,pos,True
3424,2,ghosts,pos,ghosts,pos,True
3424,3,bruce willis,pos,bruce willis,pos,True
3424,4,sci-fi,neg,sci-fi,neg,True
3424,5,prison,neg,prison,neg,True
6390,1,los angeles,pos,los angeles,pos,True
6390,2,satire,pos,satire,pos,True
6390,3,new york city,pos,new york city,pos,True
6390,4,new york,pos,new york,pos,True
6390,5,racism,pos,racism,pos,True
5788,1,holocaust,pos,holocaust,pos,True
5788,2,world war ii,pos,world war ii,pos,True
5788,3,steven spielberg,pos,steven spielberg,pos,True
5788,4,true story,pos,true story,pos,True
5788,5,war,pos,war,pos,True
1484,1,mental illness,pos,mental illness,pos,True
1484,2,oscar (best picture),pos,oscar (best picture),pos,True
1484,3,based on a book,pos,based on a book,pos,True
1484,4,beautiful,pos,beautiful,pos,True
1484,5,classic,pos,classic,pos,True
3683,1,classic,pos,classic,pos,True
3683,2,racism,pos,racism,pos,True
3683,3,oscar (best actor),pos,oscar (best actor),pos,True
3683,4,seen more than once,pos,seen more than once,pos,True
3683,5,politics,pos,politics,pos,True
487,1,steven spielberg,pos,steven spielberg,pos,True
487,2,boring,pos,boring,pos,True
487,3,dystopia,pos,dystopia,pos,True
487,4,sad,pos,sad,pos,True
487,5,jude law,pos,jude law,pos,True
4669,1,tom hanks,pos,tom hanks,pos,True
4669,2,classic,pos,classic,pos,True
4669,3,sci-fi,neg,sci-fi,neg,True
4669,4,overrated,pos,overrated,pos,True
4669,5,oscar (best picture),pos,oscar (best picture),pos,True
7195,1,mel gibson,pos,mel gibson,pos,True
7195,2,drama,pos,drama,pos,True
7195,3,epic,pos,epic,pos,True
7195,4,overrated,pos,overrated,pos,True
7195,5,sci-fi,neg,sci-fi,neg,True
5896,1,time travel,pos,time travel,pos,True
5896,2,brad pitt,pos,brad pitt,pos,True
5896,3,bruce willis,pos,bruce willis,pos,True
5896,4,dystopia,pos,dystopia,pos,True
5896,5,post apocalyptic,pos,post apocalyptic,pos,True
3622,1,musical,pos,musical,pos,True
3622,2,murder,pos,murder,pos,True
3622,3,bond,neg,bond,neg,True
3622,4,prison,pos,prison,pos,True
3622,5,world war ii,neg,world war ii,neg,True
2350,1,war,pos,war,pos,True
2350,2,classic,neg,classic,neg,True
2350,3,world war ii,neg,world war ii,neg,True
2350,4,oscar (best picture),pos,oscar (best picture),pos,True
2350,5,holocaust,neg,holocaust,neg,True
7827,1,comic book,pos,comic book,pos,True
7827,2,bruce willis,pos,bruce willis,pos,True
7827,3,action,pos,action,pos,True
7827,4,james bond,neg,james bond,neg,True
7827,5,magic,neg,magic,neg,True
5416,1,comic book,pos,comic book,pos,True
5416,2,super-hero,pos,super-hero,pos,True
5416,3,superhero,pos,superhero,pos,True
5416,4,action,pos,action,pos,True
5416,5,seen more than once,pos,seen more than once,pos,True
2910,1,gay,pos,gay,pos,True
2910,2,oscar (best actor),pos,oscar (best actor),pos,True
2910,3,tom hanks,pos,tom hanks,pos,True
2910,4,overrated,pos,overrated,pos,True
2910,5,drugs,neg,drugs,neg,True
5377,1,johnny depp,pos,johnny depp,pos,True
5377,2,adventure,pos,adventure,pos,True
5377,3,action,pos,action,pos,True
5377,4,war,pos,war,pos,True
5377,5,tom hanks,neg,tom hanks,neg,True
471,1,magic,pos,magic,pos,True
471,2,time travel,pos,time travel,pos,True
471,3,dvd,pos,dvd,pos,True
471,4,fantasy,pos,fantasy,pos,True
471,5,based on a book,pos,based on a book,pos,True
1161,1,sci-fi,pos,sci-fi,pos,True
1161,2,based on a book,pos,based on a book,pos,True
1161,3,nonlinear,neg,nonlinear,neg,True
1161,4,memory,neg,memory,neg,True
1161,5,classic,pos,classic,pos,True
3298,1,steven spielberg,pos,steven spielberg,pos,True
3298,2,harrison ford,pos,harrison ford,pos,True
3298,3,nazis,pos,nazis,pos,True
3298,4,comic book,neg,comic book,neg,True
3298,5,prison,neg,prison,neg,True
2325,1,christmas,pos,christmas,pos,True
2325,2,classic,pos,classic,pos,True
2325,3,seen more than once,pos,seen more than once,pos,True
2325,4,hitchcock,pos,hitchcock,pos,True
2325,5,world war ii,pos,world war ii,pos,True
3064,1,vampires,pos,vampires,pos,True
3064,2,vampire,pos,vampire,pos,True
3064,3,marvel,pos,marvel,pos,True
3064,4,comic book,pos,comic book,pos,True
3064,5,dvd,pos,dvd,pos,True
1176,1,oscar (best actor),pos,oscar (best actor),pos,True
1176,2,gay,pos,gay,pos,True
1176,3,tom hanks,pos,tom hanks,pos,True
1176,4,overrated,pos,overrated,pos,True
1176,5,death,pos,death,pos,True
2368,1,racism,pos,racism,pos,True
2368,2,prison,pos,prison,pos,True
2368,3,violence,pos,violence,pos,True
2368,4,classic,neg,classic,neg,True
2368,5,nazis,pos,nazis,pos,True
2512,1,stephen king,pos,stephen king,pos,True
2512,2,classic,pos,classic,pos,True
2512,3,ghosts,pos,ghosts,pos,True
2512,4,dvd,pos,dvd,pos,True
2512,5,sci-fi,neg,sci-fi,neg,True
5664,1,chick flick,pos,chick flick,pos,True
5664,2,girlie movie,pos,girlie movie,pos,True
5664,3,tom hanks,neg,tom hanks,neg,True
5664,4,cute,pos,cute,pos,True
5664,5,animation,neg,animation,neg,True
1514,1,action,pos,action,pos,True
1514,2,drugs,neg,drugs,neg,True
1514,3,predictable,pos,predictable,pos,True
1514,4,intense,pos,intense,pos,True
1514,5,quirky,pos,quirky,pos,True
6248,1,magic,pos,magic,pos,True
6248,2,fantasy,pos,fantasy,pos,True
6248,3,disney,neg,disney,neg,True
6248,4,super-hero,neg,super-hero,neg,True
6248,5,action,pos,action,pos,True
2788,1,time travel,pos,time travel,pos,True
2788,2,arnold schwarzenegger,pos,arnold schwarzenegger,pos,True
2788,3,sci-fi,pos,sci-fi,pos,True
2788,4,nudity (topless),pos,nudity (topless),pos,True
2788,5,action,pos,action,pos,True
1376,1,revenge,pos,revenge,pos,True
1376,2,fantasy,pos,fantasy,pos,True
1376,3,quirky,pos,quirky,pos,True
1376,4,funny,pos,funny,pos,True
1376,5,serial killer,neg,serial killer,neg,True
1458,1,mafia,pos,mafia,pos,True
1458,2,classic,pos,classic,pos,True
1458,3,organized crime,pos,organized crime,pos,True
1458,4,oscar (best picture),pos,oscar (best picture),pos,True
1458,5,family,pos,family,pos,True
549,1,time travel,pos,time travel,pos,True
549,2,adventure,pos,adventure,pos,True
549,3,prison,neg,prison,neg,True
549,4,aliens,neg,aliens,neg,True
549,5,comedy,pos,comedy,pos,True
6492,1,quirky,pos,quirky,pos,True
6492,2,dark comedy,pos,dark comedy,pos,True
6492,3,crime,pos,crime,pos,True
6492,4,black comedy,pos,black comedy,pos,True
6492,5,murder,pos,murder,pos,True
1960,1,surreal,pos,surreal,pos,True
1960,2,seen more than once,pos,seen more than once,pos,True
1960,3,dark comedy,pos,dark comedy,pos,True
1960,4,interesting,pos,interesting,pos,True
1960,5,quirky,pos,quirky,pos,True
6486,1,quirky,pos,quirky,pos,True
6486,2,revenge,pos,revenge,pos,True
6486,3,funny,pos,funny,pos,True
6486,4,time travel,neg,time travel,neg,True
6486,5,drugs,neg,drugs,neg,True
5835,1,sci-fi,pos,sci-fi,pos,True
5835,2,harrison ford,pos,harrison ford,pos,True
5835,3,action,pos,action,pos,True
5835,4,space,pos,space,pos,True
5835,5,time travel,neg,time travel,neg,True
2541,1,alfred hitchcock,pos,alfred hitchcock,pos,True
2541,2,hitchcock,pos,hitchcock,pos,True
2541,3,horror,pos,horror,pos,True
2541,4,twist ending,neg,twist ending,neg,True
2541,5,sci-fi,neg,sci-fi,neg,True
2308,1,musical,pos,musical,pos,True
2308,2,murder,pos,murder,pos,True
2308,3,magic,neg,magic,neg,True
2308,4,oscar (best picture),pos,oscar (best picture),pos,True
2308,5,disney,neg,disney,neg,True
3995,1,fantasy,pos,fantasy,pos,True
3995,2,funny,pos,funny,pos,True
3995,3,time travel,neg,time travel,neg,True
3995,4,comic book,neg,comic book,neg,True
3995,5,revenge,pos,revenge,pos,True
7079,1,world war ii,pos,world war ii,pos,True
7079,2,war,pos,war,pos,True
7079,3,classic,pos,classic,pos,True
7079,4,oscar (best picture),pos,oscar (best picture),pos,True
7079,5,oscar (best actor),pos,oscar (best actor),pos,True
1417,1,harrison ford,pos,harrison ford,pos,True
1417,2,action,pos,action,pos,True
1417,3,steven spielberg,pos,steven spielberg,pos,True
1417,4,classic,pos,classic,pos,True
1417,5,world war ii,neg,world war ii,neg,True
7493,1,fairy tale,pos,fairy tale,pos,True
7493,2,animation,pos,animation,pos,True
7493,3,satire,pos,satire,pos,True
7493,4,based on a book,pos,based on a book,pos,True
7493,5,funny,pos,funny,pos,True
657,1,super-hero,pos,super-hero,pos,True
657,2,comic book,pos,comic book,pos,True
657,3,superhero,pos,superhero,pos,True
657,4,marvel,pos,marvel,pos,True
657,5,dvd,pos,dvd,pos,True
2293,1,dystopia,pos,dystopia,pos,True
2293,2,anime,neg,anime,neg,True
2293,3,tom hanks,neg,tom hanks,neg,True
2293,4,sci-fi,neg,sci-fi,neg,True
2293,5,overrated,pos,overrated,pos,True
452,1,tom hanks,pos,tom hanks,pos,True
452,2,oscar (best picture),pos,oscar (best picture),pos,True
452,3,overrated,pos,overrated,pos,True
452,4,classic,pos,classic,pos,True
452,5,serial killer,neg,serial killer,neg,True
5511,1,aliens,pos,aliens,pos,True
5511,2,steven spielberg,pos,steven spielberg,pos,True
5511,3,classic,pos,classic,pos,True
5511,4,family,pos,family,pos,True
5511,5,disney,neg,disney,neg,True
3729,1,action,pos,action,pos,True
3729,2,seen more than once,pos,seen more than once,pos,True
3729,3,martial arts,pos,martial arts,pos,True
3729,4,anime,neg,anime,neg,True
3729,5,johnny depp,neg,johnny depp,neg,True
4526,1,woody allen,pos,woody allen,pos,True
4526,2,oscar (best picture),pos,oscar (best picture),pos,True
4526,3,new york city,pos,new york city,pos,True
4526,4,comedy,pos,comedy,pos,True
4526,5,new york,pos,new york,pos,True
613,1,espionage,pos,espionage,pos,True
613,2,matt damon,pos,matt damon,pos,True
613,3,boring,pos,boring,pos,True
613,4,memory,pos,memory,pos,True
613,5,action,pos,action,pos,True
2789,1,politics,pos,politics,pos,True
2789,2,true story,pos,true story,pos,True
2789,3,surreal,neg,surreal,neg,True
2789,4,history,pos,history,pos,True
2789,5,classic,pos,classic,pos,True
5460,1,animation,pos,animation,pos,True
5460,2,disney,pos,disney,pos,True
5460,3,dvd,pos,dvd,pos,True
5460,4,action,neg,action,neg,True
5460,5,overrated,pos,overrated,pos,True
122,1,classic,pos,classic,pos,True
122,2,dark comedy,pos,dark comedy,pos,True
122,3,satire,pos,satire,pos,True
122,4,black comedy,pos,black comedy,pos,True
122,5,tom hanks,neg,tom hanks,neg,True
3500,1,fantasy,neg,fantasy,neg,True
3500,2,seen more than once,pos,seen more than once,pos,True
3500,3,tom hanks,neg,tom hanks,neg,True
3500,4,action,pos,action,pos,True
3500,5,space,neg,space,neg,True
6401,1,classic,pos,classic,pos,True
6401,2,mafia,neg,mafia,neg,True
6401,3,alfred hitchcock,neg,alfred hitchcock,neg,True
6401,4,organized crime,neg,organized crime,neg,True
6401,5,hitchcock,neg,hitchcock,neg,True
3967,1,robots,pos,robots,pos,True
3967,2,time travel,pos,time travel,pos,True
3967,3,sci-fi,pos,sci-fi,pos,True
3967,4,arnold schwarzenegger,pos,arnold schwarzenegger,pos,True
3967,5,action,pos,action,pos,True
5803,1,ghosts,pos,ghosts,pos,True
5803,2,action,pos,action,pos,True
5803,3,serial killer,neg,serial killer,neg,True
5803,4,mystery,pos,mystery,pos,True
5803,5,prison,neg,prison,neg,True
759,1,nicolas cage,pos,nicolas cage,pos,True
759,2,crime,pos,crime,pos,True
759,3,boring,pos,boring,pos,True
759,4,africa,pos,africa,pos,True
759,5,love,pos,love,pos,True
4891,1,sci-fi,pos,sci-fi,pos,True
4891,2,space,pos,space,pos,True
4891,3,harrison ford,pos,harrison ford,pos,True
4891,4,classic,pos,classic,pos,True
4891,5,comic book,neg,comic book,neg,True
4527,1,harrison ford,pos,harrison ford,pos,True
4527,2,nazis,pos,nazis,pos,True
4527,3,adventure,pos,adventure,pos,True
4527,4,classic,pos,classic,pos,True
4527,5,holocaust,neg,holocaust,neg,True
2890,1,fantasy,neg,fantasy,neg,True
2890,2,action,pos,action,pos,True
2890,3,police,pos,police,pos,True
2890,4,sequel,pos,sequel,pos,True
2890,5,los angeles,pos,los angeles,pos,True
3406,1,surreal,pos,surreal,pos,True
3406,2,anime,neg,anime,neg,True
3406,3,intense,pos,intense,pos,True
3406,4,time travel,pos,time travel,pos,True
3406,5,fantasy,neg,fantasy,neg,True
4160,1,nazis,pos,nazis,pos,True
4160,2,harrison ford,pos,harrison ford,pos,True
4160,3,animation,neg,animation,neg,True
4160,4,serial killer,neg,serial killer,neg,True
4160,5,world war ii,pos,world war ii,pos,True
328,1,oscar (best picture),pos,oscar (best picture),pos,True
328,2,true story,pos,true story,pos,True
328,3,oscar (best actor),pos,oscar (best actor),pos,True
328,4,nudity (topless - brief),pos,nudity (topless - brief),pos,True
328,5,tom cruise,pos,tom cruise,pos,True
2869,1,hilarious,pos,hilarious,pos,True
2869,2,parody,pos,parody,pos,True
2869,3,fun,pos,fun,pos,True
2869,4,seen more than once,pos,seen more than once,pos,True
2869,5,anime,neg,anime,neg,True
7542,1,cult film,pos,cult film,pos,True
7542,2,sci-fi,neg,sci-fi,neg,True
7542,3,musical,pos,musical,pos,True
7542,4,aliens,pos,aliens,pos,True
7542,5,disney,neg,disney,neg,True
6626,1,super-hero,pos,super-hero,pos,True
6626,2,comic book,pos,comic book,pos,True
6626,3,new york,pos,new york,pos,True
6626,4,action,pos,action,pos,True
6626,5,magic,neg,magic,neg,True
192,1,boxing,pos,boxing,pos,True
192,2,sports,pos,sports,pos,True
192,3,classic,pos,classic,pos,True
192,4,romance,pos,romance,pos,True
192,5,prison,neg,prison,neg,True
378,1,comedy,pos,comedy,pos,True
378,2,funny,pos,funny,pos,True
378,3,los angeles,pos,los angeles,pos,True
378,4,dvd,pos,dvd,pos,True
378,5,classic,pos,classic,pos,True
5774,1,time travel,pos,time travel,pos,True
5774,2,adventure,pos,adventure,pos,True
5774,3,comedy,pos,comedy,pos,True
5774,4,sci-fi,pos,sci-fi,pos,True
5774,5,magic,neg,magic,neg,True
4645,1,oscar (best picture),pos,oscar (best picture),pos,True
4645,2,sci-fi,neg,sci-fi,neg,True
4645,3,true story,pos,true story,pos,True
4645,4,oscar (best actor),pos,oscar (best actor),pos,True
4645,5,serial killer,neg,serial killer,neg,True
1840,1,fantasy,pos,fantasy,pos,True
1840,2,oscar (best picture),pos,oscar (best picture),pos,True
1840,3,based on a book,pos,based on a book,pos,True
1840,4,adventure,pos,adventure,pos,True
1840,5,sci-fi,neg,sci-fi,neg,True
6166,1,boxing,pos,boxing,pos,True
6166,2,sports,pos,sports,pos,True
6166,3,oscar (best picture),pos,oscar (best picture),pos,True
6166,4,romance,pos,romance,pos,True
6166,5,classic,pos,classic,pos,True
7545,1,true story,pos,true story,pos,True
7545,2,prison,neg,prison,neg,True
7545,3,disney,pos,disney,pos,True
7545,4,space,neg,space,neg,True
7545,5,dystopia,pos,dystopia,pos,True
4403,1,fantasy,pos,fantasy,pos,True
4403,2,dvd,pos,dvd,pos,True
4403,3,magic,pos,magic,pos,True
4403,4,overrated,pos,overrated,pos,True
4403,5,based on a book,pos,based on a book,pos,True
3865,1,tom hanks,pos,tom hanks,pos,True
3865,2,oscar (best picture),pos,oscar (best picture),pos,True
3865,3,overrated,pos,overrated,pos,True
3865,4,classic,pos,classic,pos,True
3865,5,drama,pos,drama,pos,True
1162,1,super-hero,pos,super-hero,pos,True
1162,2,magic,pos,magic,pos,True
1162,3,fantasy,neg,fantasy,neg,True
1162,4,dvd,pos,dvd,pos,True
1162,5,action,pos,action,pos,True
7677,1,fantasy,pos,fantasy,pos,True
7677,2,oscar (best picture),pos,oscar (best picture),pos,True
7677,3,based on a book,pos,based on a book,pos,True
7677,4,adventure,pos,adventure,pos,True
7677,5,action,pos,action,pos,True
1795,1,time travel,pos,time travel,pos,True
1795,2,brad pitt,pos,brad pitt,pos,True
1795,3,bruce willis,pos,bruce willis,pos,True
1795,4,dystopia,pos,dystopia,pos,True
1795,5,post apocalyptic,pos,post apocalyptic,pos,True
3639,1,fairy tale,pos,fairy tale,pos,True
3639,2,animation,pos,animation,pos,True
3639,3,fantasy,neg,fantasy,neg,True
3639,4,funny,pos,funny,pos,True
3639,5,satire,pos,satire,pos,True
3487,1,stephen king,pos,stephen king,pos,True
3487,2,ghosts,pos,ghosts,pos,True
3487,3,classic,pos,classic,pos,True
3487,4,based on a book,pos,based on a book,pos,True
3487,5,sci-fi,neg,sci-fi,neg,True
7882,1,cars,pos,cars,pos,True
7882,2,remake,pos,remake,pos,True
7882,3,heist,pos,heist,pos,True
7882,4,super-hero,neg,super-hero,neg,True
7882,5,fun,pos,fun,pos,True
5646,1,seen more than once,pos,seen more than once,pos,True
5646,2,dvd,pos,dvd,pos,True
5646,3,drama,pos,drama,pos,True
5646,4,time travel,neg,time travel,neg,True
5646,5,twist ending,neg,twist ending,neg,True
1430,1,martial arts,pos,martial arts,pos,True
1430,2,beautiful,pos,beautiful,pos,True
1430,3,anime,neg,anime,neg,True
1430,4,heist,pos,heist,pos,True
1430,5,violence,pos,violence,pos,True
1361,1,christmas,pos,christmas,pos,True
1361,2,classic,pos,classic,pos,True
1361,3,seen more than once,pos,seen more than once,pos,True
1361,4,animation,neg,animation,neg,True
1361,5,world war ii,pos,world war ii,pos,True
2752,1,british,pos,british,pos,True
2752,2,nonlinear,pos,nonlinear,pos,True
2752,3,chick flick,pos,chick flick,pos,True
2752,4,london,pos,london,pos,True
2752,5,remake,pos,remake,pos,True
5302,1,classic,pos,classic,pos,True
5302,2,martin scorsese,pos,martin scorsese,pos,True
5302,3,cult film,pos,cult film,pos,True
5302,4,new york city,pos,new york city,pos,True
5302,5,holocaust,neg,holocaust,neg,True
184,1,surreal,pos,surreal,pos,True
184,2,nonlinear,pos,nonlinear,pos,True
184,3,dvd,pos,dvd,pos,True
184,4,overrated,pos,overrated,pos,True
184,5,disturbing,pos,disturbing,pos,True
3206,1,sci-fi,pos,sci-fi,pos,True
3206,2,space,pos,space,pos,True
3206,3,harrison ford,pos,harrison ford,pos,True
3206,4,fantasy,pos,fantasy,pos,True
3206,5,sequel,pos,sequel,pos,True
5239,1,serial killer,pos,serial killer,pos,True
5239,2,cannibalism,pos,cannibalism,pos,True
5239,3,crime,pos,crime,pos,True
5239,4,oscar (best picture),pos,oscar (best picture),pos,True
5239,5,oscar (best actor),pos,oscar (best actor),pos,True
4248,1,mental illness,pos,mental illness,pos,True
4248,2,serial killer,neg,serial killer,neg,True
4248,3,twist ending,neg,twist ending,neg,True
4248,4,martin scorsese,neg,martin scorsese,neg,True
4248,5,sci-fi,neg,sci-fi,neg,True
7197,1,sci-fi,pos,sci-fi,pos,True
7197,2,dystopia,pos,dystopia,pos,True
7197,3,martial arts,pos,martial arts,pos,True
7197,4,dvd,pos,dvd,pos,True
7197,5,action,pos,action,pos,True
2877,1,zombies,pos,zombies,pos,True
2877,2,comedy,pos,comedy,pos,True
2877,3,horror,pos,horror,pos,True
2877,4,nudity (topless - brief),pos,nudity (topless - brief),pos,True
2877,5,time travel,pos,time travel,pos,True
652,1,space,pos,space,pos,True
652,2,aliens,pos,aliens,pos,True
652,3,tom hanks,neg,tom hanks,neg,True
652,4,dvd,pos,dvd,pos,True
652,5,classic,pos,classic,pos,True
2488,1,super-hero,pos,super-hero,pos,True
2488,2,comic book,pos,comic book,pos,True
2488,3,new york,pos,new york,pos,True
2488,4,magic,neg,magic,neg,True
2488,5,action,pos,action,pos,True
4627,1,girlie movie,pos,girlie movie,pos,True
4627,2,suicide,pos,suicide,pos,True
4627,3,nonlinear,pos,nonlinear,pos,True
4627,4,mental illness,pos,mental illness,pos,True
4627,5,dvd,pos,dvd,pos,True
2145,1,sci-fi,neg,sci-fi,neg,True
2145,2,comedy,pos,comedy,pos,True
2145,3,action,neg,action,neg,True
2145,4,time travel,neg,time travel,neg,True
2145,5,classic,neg,classic,neg,True
4845,1,harrison ford,pos,harrison ford,pos,True
4845,2,sci-fi,neg,sci-fi,neg,True
4845,3,action,pos,action,pos,True
4845,4,steven spielberg,pos,steven spielberg,pos,True
4845,5,space,neg,space,neg,True
2501,1,satire,pos,satire,pos,True
2501,2,time travel,neg,time travel,neg,True
2501,3,seen more than once,pos,seen more than once,pos,True
2501,4,animation,pos,animation,pos,True
2501,5,funny,pos,funny,pos,True
3157,1,politics,pos,politics,pos,True
3157,2,true story,pos,true story,pos,True
3157,3,history,pos,history,pos,True
3157,4,classic,pos,classic,pos,True
3157,5,based on a book,pos,based on a book,pos,True
1199,1,chick flick,pos,chick flick,pos,True
1199,2,girlie movie,pos,girlie movie,pos,True
1199,3,mafia,neg,mafia,neg,True
1199,4,classic,pos,classic,pos,True
1199,5,fun,pos,fun,pos,True
1922,1,oscar (best picture),pos,oscar (best picture),pos,True
1922,2,mental illness,pos,mental illness,pos,True
1922,3,sci-fi,neg,sci-fi,neg,True
1922,4,prison,neg,prison,neg,True
1922,5,space,neg,space,neg,True
5483,1,suicide,pos,suicide,pos,True
5483,2,dark comedy,pos,dark comedy,pos,True
5483,3,cult film,pos,cult film,pos,True
5483,4,dystopia,neg,dystopia,neg,True
5483,5,seen more than once,pos,seen more than once,pos,True
4937,1,fantasy,pos,fantasy,pos,True
4937,2,magic,pos,magic,pos,True
4937,3,dvd,pos,dvd,pos,True
4937,4,overrated,pos,overrated,pos,True
4937,5,based on a book,pos,based on a book,pos,True
1094,1,black and white,pos,black and white,pos,True
1094,2,great soundtrack,pos,great soundtrack,pos,True
1094,3,sci-fi,neg,sci-fi,neg,True
1094,4,anime,neg,anime,neg,True
1094,5,classic,neg,classic,neg,True
3401,1,boxing,pos,boxing,pos,True
3401,2,sports,pos,sports,pos,True
3401,3,classic,pos,classic,pos,True
3401,4,mafia,neg,mafia,neg,True
3401,5,organized crime,neg,organized crime,neg,True
3851,1,anime,neg,anime,neg,True
3851,2,dark comedy,neg,dark comedy,neg,True
3851,3,dark,pos,dark,pos,True
3851,4,nonlinear,neg,nonlinear,neg,True
3851,5,fantasy,neg,fantasy,neg,True
4995,1,fantasy,neg,fantasy,neg,True
4995,2,seen more than once,pos,seen more than once,pos,True
4995,3,magic,neg,magic,neg,True
4995,4,nonlinear,neg,nonlinear,neg,True
4995,5,dvd,neg,dvd,neg,True
3018,1,johnny depp,pos,johnny depp,pos,True
3018,2,adventure,pos,adventure,pos,True
3018,3,action,pos,action,pos,True
3018,4,fantasy,neg,fantasy,neg,True
3018,5,comic book,neg,comic book,neg,True
393,1,disney,pos,disney,pos,True
393,2,animation,pos,animation,pos,True
393,3,fairy tale,pos,fairy tale,pos,True
393,4,beautiful,pos,beautiful,pos,True
393,5,seen more than once,pos,seen more than once,pos,True
3396,1,funny,pos,funny,pos,True
3396,2,revenge,pos,revenge,pos,True
3396,3,quirky,pos,quirky,pos,True
3396,4,fantasy,pos,fantasy,pos,True
3396,5,comic book,neg,comic book,neg,True
123,1,robots,pos,robots,pos,True
123,2,funny,pos,funny,pos,True
123,3,magic,neg,magic,neg,True
123,4,sci-fi,neg,sci-fi,neg,True
123,5,classic,pos,classic,pos,True
6022,1,alfred hitchcock,pos,alfred hitchcock,pos,True
6022,2,hitchcock,pos,hitchcock,pos,True
6022,3,sci-fi,neg,sci-fi,neg,True
6022,4,horror,pos,horror,pos,True
6022,5,serial killer,neg,serial killer,neg,True
4807,1,nonlinear,pos,nonlinear,pos,True
4807,2,samuel l jackson,pos,samuel l jackson,pos,True
4807,3,dark comedy,pos,dark comedy,pos,True
4807,4,comedy,pos,comedy,pos,True
4807,5,organized crime,pos,organized crime,pos,True
5252,1,disney,pos,disney,pos,True
5252,2,animation,pos,animation,pos,True
5252,3,sci-fi,neg,sci-fi,neg,True
5252,4,children,pos,children,pos,True
5252,5,musical,pos,musical,pos,True
1328,1,overrated,pos,overrated,pos,True
1328,2,drama,pos,drama,pos,True
1328,3,romance,pos,romance,pos,True
1328,4,time travel,pos,time travel,pos,True
1328,5,true story,pos,true story,pos,True
1663,1,twist ending,pos,twist ending,pos,True
1663,2,ghosts,pos,ghosts,pos,True
1663,3,bruce willis,pos,bruce willis,pos,True
1663,4,psychology,pos,psychology,pos,True
1663,5,sci-fi,neg,sci-fi,neg,True
6416,1,twist ending,pos,twist ending,pos,True
6416,2,suspense,pos,suspense,pos,True
6416,3,serial killer,neg,serial killer,neg,True
6416,4,organized crime,pos,organized crime,pos,True
6416,5,classic,neg,classic,neg,True
1232,1,classic,pos,classic,pos,True
1232,2,oscar (best picture),pos,oscar (best picture),pos,True
1232,3,mafia,pos,mafia,pos,True
1232,4,organized crime,pos,organized crime,pos,True
1232,5,new york city,pos,new york city,pos,True
3804,1,new york city,pos,new york city,pos,True
3804,2,comic book,neg,comic book,neg,True
3804,3,nudity (topless),pos,nudity (topless),pos,True
3804,4,serial killer,neg,serial killer,neg,True
3804,5,romance,pos,romance,pos,True
5377,1,drama,pos,drama,pos,True
5377,2,overrated,pos,overrated,pos,True
5377,3,romance,pos,romance,pos,True
5377,4,time travel,pos,time travel,pos,True
5377,5,tom hanks,neg,tom hanks,neg,True
6026,1,tom cruise,pos,tom cruise,pos,True
6026,2,oscar (best picture),neg,oscar (best picture),neg,True
6026,3,fantasy,neg,fantasy,neg,True
6026,4,death,pos,death,pos,True
6026,5,seen more than once,pos,seen more than once,pos,True
4,1,time travel,pos,time travel,pos,True
4,2,action,pos,action,pos,True
4,3,sci-fi,pos,sci-fi,pos,True
4,4,mel gibson,neg,mel gibson,neg,True
4,5,arnold schwarzenegger,pos,arnold schwarzenegger,pos,True
218,1,christmas,pos,christmas,pos,True
218,2,classic,pos,classic,pos,True
218,3,seen more than once,pos,seen more than once,pos,True
218,4,world war ii,pos,world war ii,pos,True
218,5,true story,neg,true story,neg,True
7630,1,sci-fi,neg,sci-fi,neg,True
7630,2,satire,pos,satire,pos,True
7630,3,time travel,neg,time travel,neg,True
7630,4,animation,pos,animation,pos,True
7630,5,dvd,neg,dvd,neg,True
3346,1,teen,pos,teen,pos,True
3346,2,chick flick,pos,chick flick,pos,True
3346,3,seen more than once,pos,seen more than once,pos,True
3346,4,depressing,pos,depressing,pos,True
3346,5,high school,pos,high school,pos,True
7347,1,british,pos,british,pos,True
7347,2,based on a book,pos,based on a book,pos,True
7347,3,nonlinear,neg,nonlinear,neg,True
7347,4,funny,neg,funny,neg,True
7347,5,romance,pos,romance,pos,True
2148,1,steven spielberg,pos,steven spielberg,pos,True
2148,2,thriller,pos,thriller,pos,True
2148,3,time travel,neg,time travel,neg,True
2148,4,tom hanks,neg,tom hanks,neg,True
2148,5,classic,neg,classic,neg,True
3229,1,war,pos,war,pos,True
3229,2,classic,pos,classic,pos,True
3229,3,oscar (best picture),neg,oscar (best picture),neg,True
3229,4,disturbing,pos,disturbing,pos,True
3229,5,based on a book,pos,based on a book,pos,True
7840,1,politics,pos,politics,pos,True
7840,2,black comedy,pos,black comedy,pos,True
7840,3,satire,pos,satire,pos,True
7840,4,fun,pos,fun,pos,True
7840,5,quirky,neg,quirky,neg,True
1011,1,action,pos,action,pos,True
1011,2,espionage,pos,espionage,pos,True
1011,3,arnold schwarzenegger,pos,arnold schwarzenegger,pos,True
1011,4,family,pos,family,pos,True
1011,5,quirky,pos,quirky,pos,True
5093,1,romance,pos,romance,pos,True
5093,2,tom hanks,pos,tom hanks,pos,True
5093,3,boring,pos,boring,pos,True
5093,4,new york city,pos,new york city,pos,True
5093,5,remake,pos,remake,pos,True
1467,1,comedy,pos,comedy,pos,True
1467,2,time travel,neg,time travel,neg,True
1467,3,super-hero,neg,super-hero,neg,True
1467,4,nicolas cage,pos,nicolas cage,pos,True
1467,5,crime,pos,crime,pos,True
2181,1,africa,pos,africa,pos,True
2181,2,war,pos,war,pos,True
2181,3,history,pos,history,pos,True
2181,4,depressing,pos,depressing,pos,True
2181,5,sad,pos,sad,pos,True
3020,1,james bond,pos,james bond,pos,True
3020,2,007,pos,007,pos,True
3020,3,england,pos,england,pos,True
3020,4,action,pos,action,pos,True
3020,5,espionage,pos,espionage,pos,True
7270,1,twist ending,pos,twist ending,pos,True
7270,2,ghosts,pos,ghosts,pos,True
7270,3,bruce willis,pos,bruce willis,pos,True
7270,4,psychology,pos,psychology,pos,True
7270,5,serial killer,neg,serial killer,neg,True
5646,1,chick flick,pos,chick flick,pos,True
5646,2,girlie movie,pos,girlie movie,pos,True
5646,3,fun,pos,fun,pos,True
5646,4,disney,neg,disney,neg,True
5646,5,bruce willis,neg,bruce willis,neg,True
6064,1,bruce willis,pos,bruce willis,pos,True
6064,2,twist ending,pos,twist ending,pos,True
6064,3,superhero,pos,superhero,pos,True
6064,4,fantasy,neg,fantasy,neg,True
6064,5,surreal,neg,surreal,neg,True
7924,1,time travel,pos,time travel,pos,True
7924,2,sci-fi,pos,sci-fi,pos,True
7924,3,arnold schwarzenegger,pos,arnold schwarzenegger,pos,True
7924,4,nudity (topless),pos,nudity (topless),pos,True
7924,5,great soundtrack,pos,great soundtrack,pos,True
7215,1,sci-fi,neg,sci-fi,neg,True
7215,2,murder,pos,murder,pos,True
7215,3,007,neg,007,neg,True
7215,4,history,pos,history,pos,True
7215,5,world war ii,neg,world war ii,neg,True
5133,1,france,pos,france,pos,True
5133,2,paris,pos,paris,pos,True
5133,3,romance,pos,romance,pos,True
5133,4,quirky,pos,quirky,pos,True
5133,5,cute,pos,cute,pos,True
4137,1,oscar (best picture),pos,oscar (best picture),pos,True
4137,2,classic,neg,classic,neg,True
4137,3,hitchcock,neg,hitchcock,neg,True
4137,4,mafia,neg,mafia,neg,True
4137,5,police,pos,police,pos,True
819,1,comic book,pos,comic book,pos,True
819,2,bruce willis,pos,bruce willis,pos,True
819,3,action,pos,action,pos,True
819,4,fantasy,neg,fantasy,neg,True
819,5,cannibalism,pos,cannibalism,pos,True
1416,1,religion,pos,religion,pos,True
1416,2,satire,pos,satire,pos,True
1416,3,funny,pos,funny,pos,True
1416,4,animation,neg,animation,neg,True
1416,5,johnny depp,neg,johnny depp,neg,True
3874,1,british,pos,british,pos,True
3874,2,based on a book,pos,based on a book,pos,True
3874,3,anime,neg,anime,neg,True
3874,4,musical,neg,musical,neg,True
3874,5,shakespeare,pos,shakespeare,pos,True
2699,1,mel gibson,pos,mel gibson,pos,True
2699,2,drama,pos,drama,pos,True
2699,3,epic,pos,epic,pos,True
2699,4,overrated,pos,overrated,pos,True
2699,5,drugs,neg,drugs,neg,True
7180,1,time travel,pos,time travel,pos,True
7180,2,brad pitt,pos,brad pitt,pos,True
7180,3,bruce willis,pos,bruce willis,pos,True
7180,4,dystopia,pos,dystopia,pos,True
7180,5,post apocalyptic,pos,post apocalyptic,pos,True
4542,1,fantasy,pos,fantasy,pos,True
4542,2,dvd,pos,dvd,pos,True
4542,3,magic,pos,magic,pos,True
4542,4,overrated,pos,overrated,pos,True
4542,5,based on a book,pos,based on a book,pos,True
2913,1,beautiful,pos,beautiful,pos,True
2913,2,magic,neg,magic,neg,True
2913,3,martial arts,pos,martial arts,pos,True
2913,4,war,pos,war,pos,True
2913,5,horror,pos,horror,pos,True
4396,1,sci-fi,pos,sci-fi,pos,True
4396,2,harrison ford,pos,harrison ford,pos,True
4396,3,action,pos,action,pos,True
4396,4,space,pos,space,pos,True
4396,5,adventure,pos,adventure,pos,True
1771,1,tom hanks,pos,tom hanks,pos,True
1771,2,jude law,pos,jude law,pos,True
1771,3,organized crime,pos,organized crime,pos,True
1771,4,comic book,pos,comic book,pos,True
1771,5,magic,neg,magic,neg,True
6259,1,politics,pos,politics,pos,True
6259,2,black comedy,pos,black comedy,pos,True
6259,3,fun,pos,fun,pos,True
6259,4,prison,neg,prison,neg,True
6259,5,twist ending,neg,twist ending,neg,True
1772,1,sci-fi,pos,sci-fi,pos,True
1772,2,harrison ford,pos,harrison ford,pos,True
1772,3,dystopia,pos,dystopia,pos,True
1772,4,based on a book,pos,based on a book,pos,True
1772,5,future,pos,future,pos,True
3034,1,surreal,pos,surreal,pos,True
3034,2,jim carrey,pos,jim carrey,pos,True
3034,3,memory,pos,memory,pos,True
3034,4,love,pos,love,pos,True
3034,5,sci-fi,pos,sci-fi,pos,True
39,1,space,pos,space,pos,True
39,2,true story,pos,true story,pos,True
39,3,sci-fi,neg,sci-fi,neg,True
39,4,classic,neg,classic,neg,True
39,5,tom hanks,pos,tom hanks,pos,True
6085,1,sci-fi,pos,sci-fi,pos,True
6085,2,dystopia,pos,dystopia,pos,True
6085,3,martial arts,pos,martial arts,pos,True
6085,4,dvd,pos,dvd,pos,True
6085,5,fantasy,neg,fantasy,neg,True
232,1,lesbian,pos,lesbian,pos,True
232,2,gay,pos,gay,pos,True
232,3,seen more than once,pos,seen more than once,pos,True
232,4,dvd,pos,dvd,pos,True
232,5,funny,pos,funny,pos,True
44,1,funny,pos,funny,pos,True
44,2,mel gibson,pos,mel gibson,pos,True
44,3,tom hanks,neg,tom hanks,neg,True
44,4,time travel,neg,time travel,neg,True
44,5,children,pos,children,pos,True
6116,1,tom hanks,pos,tom hanks,pos,True
6116,2,new york,pos,new york,pos,True
6116,3,children,pos,children,pos,True
6116,4,new york city,pos,new york city,pos,True
6116,5,james bond,neg,james bond,neg,True
465,1,classic,pos,classic,pos,True
465,2,dark comedy,pos,dark comedy,pos,True
465,3,satire,pos,satire,pos,True
465,4,black comedy,pos,black comedy,pos,True
465,5,war,pos,war,pos,True
875,1,steven spielberg,pos,steven spielberg,pos,True
875,2,thriller,pos,thriller,pos,True
875,3,tom hanks,neg,tom hanks,neg,True
875,4,action,pos,action,pos,True
875,5,serial killer,neg,serial killer,neg,True
2636,1,johnny depp,pos,johnny depp,pos,True
2636,2,fantasy,pos,fantasy,pos,True
2636,3,nonlinear,neg,nonlinear,neg,True
2636,4,dvd,neg,dvd,neg,True
2636,5,sci-fi,neg,sci-fi,neg,True
6636,1,cult film,pos,cult film,pos,True
6636,2,time travel,neg,time travel,neg,True
6636,3,aliens,pos,aliens,pos,True
6636,4,sci-fi,neg,sci-fi,neg,True
6636,5,musical,pos,musical,pos,True
3100,1,matt damon,pos,matt damon,pos,True
3100,2,jude law,pos,jude law,pos,True
3100,3,murder,pos,murder,pos,True
3100,4,boring,pos,boring,pos,True
3100,5,crime,pos,crime,pos,True
7010,1,fantasy,pos,fantasy,pos,True
7010,2,based on a book,pos,based on a book,pos,True
7010,3,magic,pos,magic,pos,True
7010,4,dvd,pos,dvd,pos,True
7010,5,overrated,pos,overrated,pos,True
1352,1,sci-fi,pos,sci-fi,pos,True
1352,2,harrison ford,pos,harrison ford,pos,True
1352,3,space,pos,space,pos,True
1352,4,action,pos,action,pos,True
1352,5,fantasy,pos,fantasy,pos,True
2000,1,hitchcock,pos,hitchcock,pos,True
2000,2,classic,pos,classic,pos,True
2000,3,alfred hitchcock,pos,alfred hitchcock,pos,True
2000,4,mystery,pos,mystery,pos,True
2000,5,nonlinear,neg,nonlinear,neg,True
4548,1,espionage,pos,espionage,pos,True
4548,2,action,pos,action,pos,True
4548,3,family,pos,family,pos,True
4548,4,arnold schwarzenegger,pos,arnold schwarzenegger,pos,True
4548,5,terrorism,pos,terrorism,pos,True
2348,1,samuel l jackson,pos,samuel l jackson,pos,True
2348,2,nonlinear,pos,nonlinear,pos,True
2348,3,organized crime,pos,organized crime,pos,True
2348,4,comedy,pos,comedy,pos,True
2348,5,dark comedy,pos,dark comedy,pos,True
2032,1,johnny depp,pos,johnny depp,pos,True
2032,2,anime,neg,anime,neg,True
2032,3,time travel,neg,time travel,neg,True
2032,4,drama,pos,drama,pos,True
2032,5,classic,neg,classic,neg,True
4879,1,british,pos,british,pos,True
4879,2,based on a book,pos,based on a book,pos,True
4879,3,classic,pos,classic,pos,True
4879,4,shakespeare,pos,shakespeare,pos,True
4879,5,overrated,neg,overrated,neg,True
3788,1,tom hanks,pos,tom hanks,pos,True
3788,2,oscar (best picture),pos,oscar (best picture),pos,True
3788,3,classic,pos,classic,pos,True
3788,4,overrated,pos,overrated,pos,True
3788,5,sci-fi,neg,sci-fi,neg,True
6285,1,holocaust,pos,holocaust,pos,True
6285,2,sad,pos,sad,pos,True
6285,3,world war ii,pos,world war ii,pos,True
6285,4,nazis,pos,nazis,pos,True
6285,5,true story,pos,true story,pos,True
4739,1,animation,pos,animation,pos,True
4739,2,disney,pos,disney,pos,True
4739,3,dvd,pos,dvd,pos,True
4739,4,overrated,pos,overrated,pos,True
4739,5,teen,neg,teen,neg,True
2587,1,007,pos,007,pos,True
2587,2,bond,pos,bond,pos,True
2587,3,james bond,pos,james bond,pos,True
2587,4,world war ii,pos,world war ii,pos,True
2587,5,terrorism,pos,terrorism,pos,True
2345,1,fantasy,pos,fantasy,pos,True
2345,2,overrated,pos,overrated,pos,True
2345,3,children,pos,children,pos,True
2345,4,boring,pos,boring,pos,True
2345,5,disney,neg,disney,neg,True
1867,1,action,pos,action,pos,True
1867,2,espionage,pos,espionage,pos,True
1867,3,arnold schwarzenegger,pos,arnold schwarzenegger,pos,True
1867,4,family,pos,family,pos,True
1867,5,quirky,pos,quirky,pos,True
4186,1,fairy tale,pos,fairy tale,pos,True
4186,2,animation,pos,animation,pos,True
4186,3,satire,pos,satire,pos,True
4186,4,based on a book,pos,based on a book,pos,True
4186,5,funny,pos,funny,pos,True
7784,1,time travel,pos,time travel,pos,True
7784,2,sci-fi,neg,sci-fi,neg,True
7784,3,seen more than once,pos,seen more than once,pos,True
7784,4,comedy,pos,comedy,pos,True
7784,5,fantasy,pos,fantasy,pos,True
3994,1,prison,pos,prison,pos,True
3994,2,classic,pos,classic,pos,True
3994,3,stephen king,pos,stephen king,pos,True
3994,4,based on a book,pos,based on a book,pos,True
3994,5,morgan freeman,pos,morgan freeman,pos,True
5694,1,dystopia,pos,dystopia,pos,True
5694,2,hilarious,pos,hilarious,pos,True
5694,3,los angeles,pos,los angeles,pos,True
5694,4,funny,pos,funny,pos,True
5694,5,vampires,neg,vampires,neg,True
6825,1,space,pos,space,pos,True
6825,2,true story,pos,true story,pos,True
6825,3,tom hanks,pos,tom hanks,pos,True
6825,4,based on a true story,pos,based on a true story,pos,True
6825,5,historical,pos,historical,pos,True
5831,1,classic,pos,classic,pos,True
5831,2,martin scorsese,pos,martin scorsese,pos,True
5831,3,cult film,pos,cult film,pos,True
5831,4,disturbing,pos,disturbing,pos,True
5831,5,new york city,pos,new york city,pos,True
4467,1,crime,pos,crime,pos,True
4467,2,hilarious,pos,hilarious,pos,True
4467,3,nicolas cage,pos,nicolas cage,pos,True
4467,4,dvd,neg,dvd,neg,True
4467,5,quirky,pos,quirky,pos,True
2210,1,christmas,pos,christmas,pos,True
2210,2,classic,pos,classic,pos,True
2210,3,world war ii,pos,world war ii,pos,True
2210,4,seen more than once,pos,seen more than once,pos,True
2210,5,hitchcock,pos,hitchcock,pos,True
1503,1,boxing,pos,boxing,pos,True
1503,2,sports,pos,sports,pos,True
1503,3,oscar (best picture),pos,oscar (best picture),pos,True
1503,4,classic,pos,classic,pos,True
1503,5,romance,pos,romance,pos,True
5619,1,holocaust,pos,holocaust,pos,True
5619,2,world war ii,pos,world war ii,pos,True
5619,3,steven spielberg,pos,steven spielberg,pos,True
5619,4,true story,pos,true story,pos,True
5619,5,war,pos,war,pos,True
3627,1,drugs,pos,drugs,pos,True
3627,2,quirky,pos,quirky,pos,True
3627,3,hilarious,pos,hilarious,pos,True
3627,4,cute,pos,cute,pos,True
3627,5,family,pos,family,pos,True
944,1,sci-fi,pos,sci-fi,pos,True
944,2,space,pos,space,pos,True
944,3,harrison ford,pos,harrison ford,pos,True
944,4,classic,pos,classic,pos,True
944,5,holocaust,neg,holocaust,neg,True
