user_id,step,critiquing_keyphrase,critique_polarity,clarification_keyphrase,clarification_polarity,accept_clarification,expert_keyphrase
1283,1,beef,pos,beef,pos,True,corn
1283,2,lettuce,neg,lettuce,neg,True,corn
1283,3,creamy,pos,creamy,pos,True,corn
1283,4,mexican,neg,mexican,neg,True,corn
1283,5,chip,neg,chip,neg,True,corn
132,1,ramen,neg,ramen,neg,True,indian
132,2,lamb,neg,lamb,neg,True,indian
132,3,spicy,neg,spicy,neg,True,indian
132,4,fresh,neg,fresh,neg,True,indian
132,5,north york,neg,north york,neg,True,indian
4756,1,quick,neg,quick,neg,True,thai
4756,2,casual,neg,casual,neg,True,thai
4756,3,spicy,neg,spicy,neg,True,thai
4756,4,busy,neg,busy,neg,True,thai
4756,5,downtown,neg,downtown,neg,True,thai
1196,1,dessert,neg,dessert,neg,True,bread
1196,2,octopus,neg,octopus,neg,True,bread
1196,3,dinner,neg,dinner,neg,True,bread
1196,4,cheese,pos,cheese,pos,True,bread
1196,5,roasted,neg,roasted,neg,True,bread
1590,1,quick,neg,quick,neg,True,thai
1590,2,casual,neg,casual,neg,True,thai
1590,3,spicy,neg,spicy,neg,True,thai
1590,4,busy,neg,busy,neg,True,thai
1590,5,downtown,neg,downtown,neg,True,thai
2738,1,quick,pos,quick,pos,True,thai
2738,2,casual,neg,casual,neg,True,thai
2738,3,spicy,pos,spicy,pos,True,thai
2738,4,busy,pos,busy,pos,True,thai
2738,5,downtown,neg,downtown,neg,True,thai
3797,1,kimchi,neg,kimchi,neg,True,fried chicken
3797,2,juicy,neg,juicy,neg,True,fried chicken
3797,3,rib,neg,rib,neg,True,fried chicken
3797,4,fry,pos,fry,pos,True,fried chicken
3797,5,pork belly,neg,pork belly,neg,True,fried chicken
4766,1,quick,neg,quick,neg,True,thai
4766,2,casual,neg,casual,neg,True,thai
4766,3,spicy,neg,spicy,neg,True,thai
4766,4,busy,neg,busy,neg,True,thai
4766,5,downtown,neg,downtown,neg,True,thai
1547,1,quick,neg,quick,neg,True,ramen
1547,2,salt,neg,salt,neg,True,ramen
1547,3,soup,pos,soup,pos,True,ramen
1547,4,spicy,pos,spicy,pos,True,ramen
1547,5,belly,pos,belly,pos,True,ramen
1677,1,quick,pos,quick,pos,True,thai
1677,2,casual,pos,casual,pos,True,thai
1677,3,spicy,pos,spicy,pos,True,thai
1677,4,busy,pos,busy,pos,True,thai
1677,5,downtown,pos,downtown,pos,True,thai
6416,1,dinner,pos,dinner,pos,True,beer
6416,2,dog,neg,dog,neg,True,beer
6416,3,pub,neg,pub,neg,True,beer
6416,4,fry,pos,fry,pos,True,beer
6416,5,friendly,pos,friendly,pos,True,beer
1873,1,quick,neg,quick,neg,True,thai
1873,2,casual,neg,casual,neg,True,thai
1873,3,spicy,neg,spicy,neg,True,thai
1873,4,busy,neg,busy,neg,True,thai
1873,5,downtown,neg,downtown,neg,True,thai
2168,1,quick,pos,quick,pos,True,thai
2168,2,casual,pos,casual,pos,True,thai
2168,3,spicy,pos,spicy,pos,True,thai
2168,4,busy,pos,busy,pos,True,thai
2168,5,downtown,pos,downtown,pos,True,thai
2216,1,quick,neg,quick,neg,True,thai
2216,2,casual,neg,casual,neg,True,thai
2216,3,spicy,neg,spicy,neg,True,thai
2216,4,busy,neg,busy,neg,True,thai
2216,5,downtown,neg,downtown,neg,True,thai
5541,1,mayo,pos,mayo,pos,True,fry
5541,2,pork belly,pos,pork belly,pos,True,fry
5541,3,belly,pos,belly,pos,True,fry
5541,4,bun,pos,bun,pos,True,fry
5541,5,duck,neg,duck,neg,True,fry
1428,1,beef,neg,beef,neg,True,wait
1428,2,spicy,neg,spicy,neg,True,wait
1428,3,coconut,neg,coconut,neg,True,wait
1428,4,curry,neg,curry,neg,True,wait
1428,5,dinner,neg,dinner,neg,True,wait
2456,1,tempura,neg,tempura,neg,True,sushi
2456,2,pricey,pos,pricey,pos,True,sushi
2456,3,expensive,pos,expensive,pos,True,sushi
2456,4,scallop,pos,scallop,pos,True,sushi
2456,5,fish,pos,fish,pos,True,sushi
1431,1,steamed,pos,steamed,pos,True,pork
1431,2,mayo,pos,mayo,pos,True,fry
1431,3,sausage,neg,sausage,neg,True,fry
1431,4,burger,neg,burger,neg,True,fry
1431,5,wild boar,neg,wild boar,neg,True,fry
540,1,vietnamese,neg,vietnamese,neg,True,tea
540,2,bubble,pos,bubble,pos,True,tea
540,3,asian,neg,asian,neg,True,tea
540,4,bubble tea,pos,bubble tea,pos,True,tea
540,5,sesame,neg,sesame,neg,True,tea
57,1,spicy,pos,spicy,pos,True,taco
57,2,octopus,neg,octopus,neg,True,taco
57,3,tuna,pos,tuna,pos,True,taco
57,4,chip,pos,chip,pos,True,taco
57,5,shrimp,neg,shrimp,neg,True,taco
3789,1,quick,neg,quick,neg,True,thai
3789,2,casual,neg,casual,neg,True,thai
3789,3,spicy,neg,spicy,neg,True,thai
3789,4,busy,neg,busy,neg,True,thai
3789,5,downtown,neg,downtown,neg,True,thai
1192,1,modern,neg,modern,neg,True,oyster
1192,2,shrimp,neg,shrimp,neg,True,oyster
1192,3,birthday,neg,birthday,neg,True,oyster
1192,4,sashimi,neg,sashimi,neg,True,oyster
1192,5,bar,pos,bar,pos,True,oyster
1062,1,kimchi,neg,kimchi,neg,True,fried chicken
1062,2,noodle,neg,noodle,neg,True,chicken
1062,3,pork,pos,pork,pos,True,chicken
1062,4,spicy,neg,spicy,neg,True,chicken
1062,5,fried chicken,pos,fried chicken,pos,True,chicken
944,1,quick,neg,quick,neg,True,thai
944,2,casual,neg,casual,neg,True,thai
944,3,spicy,neg,spicy,neg,True,thai
944,4,busy,neg,busy,neg,True,thai
944,5,downtown,neg,downtown,neg,True,thai
4138,1,spicy,pos,spicy,pos,True,taco
4138,2,octopus,pos,octopus,pos,True,taco
4138,3,tuna,pos,tuna,pos,True,taco
4138,4,chip,neg,chip,neg,True,taco
4138,5,shrimp,pos,shrimp,pos,True,taco
1957,1,noodle,neg,noodle,neg,True,chicken
1957,2,crispy,pos,crispy,pos,True,chicken
1957,3,wait,pos,wait,pos,True,chicken
1957,4,curry,neg,curry,neg,True,chicken
1957,5,friendly,pos,friendly,pos,True,chicken
313,1,vegan,neg,vegan,neg,True,crepe
313,2,banana,neg,banana,neg,True,crepe
313,3,dessert,neg,dessert,neg,True,crepe
313,4,japanese,neg,japanese,neg,True,crepe
313,5,tea,neg,tea,neg,True,crepe
2679,1,quick,neg,quick,neg,True,thai
2679,2,casual,neg,casual,neg,True,thai
2679,3,spicy,pos,spicy,pos,True,thai
2679,4,busy,neg,busy,neg,True,thai
2679,5,downtown,neg,downtown,neg,True,thai
1203,1,quick,pos,quick,pos,True,thai
1203,2,casual,pos,casual,pos,True,thai
1203,3,spicy,pos,spicy,pos,True,thai
1203,4,busy,pos,busy,pos,True,thai
1203,5,downtown,pos,downtown,pos,True,thai
1349,1,fluffy,neg,fluffy,neg,True,cheese
1349,2,cake,neg,cake,neg,True,cheese
1349,3,meat,neg,meat,neg,True,cheese
1349,4,tart,neg,tart,neg,True,cheese
1349,5,wait,neg,wait,neg,True,cheese
6089,1,gelato,neg,gelato,neg,True,ice cream
6089,2,matcha,neg,matcha,neg,True,ice cream
6089,3,tea,pos,tea,pos,True,ice cream
6089,4,creamy,pos,creamy,pos,True,ice cream
6089,5,chocolate,pos,chocolate,pos,True,ice cream
398,1,tempura,neg,tempura,neg,True,sushi
398,2,pricey,neg,pricey,neg,True,sushi
398,3,expensive,neg,expensive,neg,True,sushi
398,4,scallop,neg,scallop,neg,True,sushi
398,5,fish,pos,fish,pos,True,sushi
214,1,squid,neg,squid,neg,True,cocktail
214,2,octopus,neg,octopus,neg,True,cocktail
214,3,rib,neg,rib,neg,True,cocktail
214,4,crispy,neg,crispy,neg,True,cocktail
214,5,beef,neg,beef,neg,True,cocktail
589,1,downtown,neg,downtown,neg,True,noodle
589,2,pork,pos,pork,pos,True,noodle
589,3,wait,neg,wait,neg,True,noodle
589,4,quick,neg,quick,neg,True,noodle
589,5,lunch,neg,lunch,neg,True,noodle
2620,1,quick,neg,quick,neg,True,thai
2620,2,casual,neg,casual,neg,True,thai
2620,3,spicy,neg,spicy,neg,True,thai
2620,4,busy,neg,busy,neg,True,thai
2620,5,rib,pos,rib,pos,True,lamb
2320,1,quick,neg,quick,neg,True,thai
2320,2,casual,neg,casual,neg,True,thai
2320,3,spicy,pos,spicy,pos,True,pork
2320,4,yummy,neg,yummy,neg,True,thai
2320,5,busy,pos,busy,pos,True,thai
1033,1,fresh,neg,fresh,neg,True,tart
1033,2,cheese,pos,cheese,pos,True,tart
1033,3,cheesecake,pos,cheesecake,pos,True,tart
1033,4,croissant,neg,croissant,neg,True,tart
1033,5,latte,neg,latte,neg,True,tart
184,1,modern,neg,modern,neg,True,oyster
184,2,shrimp,pos,shrimp,pos,True,oyster
184,3,birthday,neg,birthday,neg,True,oyster
184,4,sashimi,pos,sashimi,pos,True,oyster
184,5,bar,pos,bar,pos,True,oyster
358,1,fish,neg,fish,neg,True,salmon
358,2,pricey,neg,pricey,neg,True,salmon
358,3,modern,neg,modern,neg,True,salmon
358,4,scallop,neg,scallop,neg,True,salmon
358,5,tuna,neg,tuna,neg,True,salmon
6681,1,fast,pos,fast,pos,True,pizza
6681,2,italian,neg,italian,neg,True,pizza
6681,3,salad,neg,salad,neg,True,pizza
6681,4,calamari,neg,calamari,neg,True,pizza
6681,5,cheese,pos,cheese,pos,True,pizza
2298,1,downtown,neg,downtown,neg,True,noodle
2298,2,pork,pos,pork,pos,True,noodle
2298,3,wait,pos,wait,pos,True,noodle
2298,4,quick,neg,quick,neg,True,noodle
2298,5,lunch,neg,lunch,neg,True,noodle
19,1,soup,pos,soup,pos,True,lobster
19,2,fried,pos,fried,pos,True,lobster
19,3,dinner,pos,dinner,pos,True,lobster
19,4,chinese,pos,chinese,pos,True,lobster
19,5,fresh,pos,fresh,pos,True,lobster
1402,1,markham,neg,markham,neg,True,dumpling
1402,2,pork,pos,pork,pos,True,dumpling
1402,3,dim sum,neg,dim sum,neg,True,dumpling
1402,4,pancake,neg,pancake,neg,True,dumpling
1402,5,cheap,pos,cheap,pos,True,dumpling
1803,1,lamb,neg,lamb,neg,True,rib
1803,2,fried chicken,neg,fried chicken,neg,True,rib
1803,3,potato,neg,potato,neg,True,rib
1803,4,wing,pos,wing,pos,True,rib
1803,5,fried,neg,fried,neg,True,rib
1933,1,tempura,pos,tempura,pos,True,sushi
1933,2,pricey,neg,pricey,neg,True,sushi
1933,3,expensive,neg,expensive,neg,True,sushi
1933,4,scallop,neg,scallop,neg,True,sushi
1933,5,fish,pos,fish,pos,True,sushi
2524,1,quick,neg,quick,neg,True,thai
2524,2,casual,neg,casual,neg,True,thai
2524,3,spicy,neg,spicy,neg,True,thai
2524,4,busy,pos,busy,pos,True,thai
2524,5,pizza,neg,pizza,neg,True,cheese
5506,1,quick,neg,quick,neg,True,thai
5506,2,casual,neg,casual,neg,True,thai
5506,3,spicy,neg,spicy,neg,True,thai
5506,4,busy,neg,busy,neg,True,thai
5506,5,downtown,neg,downtown,neg,True,thai
6477,1,tempura,neg,tempura,neg,True,sushi
6477,2,pricey,neg,pricey,neg,True,sushi
6477,3,expensive,neg,expensive,neg,True,sushi
6477,4,scallop,neg,scallop,neg,True,sushi
6477,5,fish,pos,fish,pos,True,sushi
257,1,downtown,neg,downtown,neg,True,noodle
257,2,pork,pos,pork,pos,True,noodle
257,3,wait,pos,wait,pos,True,noodle
257,4,quick,neg,quick,neg,True,noodle
257,5,lunch,neg,lunch,neg,True,noodle
890,1,cheese,pos,cheese,pos,True,lamb
890,2,crispy,pos,crispy,pos,True,lamb
890,3,bread,pos,bread,pos,True,lamb
890,4,cocktail,pos,cocktail,pos,True,lamb
890,5,dumpling,pos,dumpling,pos,True,lamb
5751,1,beef,neg,beef,neg,True,wait
5751,2,spicy,neg,spicy,neg,True,wait
5751,3,coconut,neg,coconut,neg,True,wait
5751,4,curry,neg,curry,neg,True,wait
5751,5,dinner,neg,dinner,neg,True,wait
3565,1,quick,neg,quick,neg,True,thai
3565,2,casual,neg,casual,neg,True,thai
3565,3,spicy,neg,spicy,neg,True,thai
3565,4,busy,neg,busy,neg,True,thai
3565,5,downtown,neg,downtown,neg,True,thai
769,1,noodle,neg,noodle,neg,True,chicken
769,2,crispy,neg,crispy,neg,True,chicken
769,3,wait,pos,wait,pos,True,chicken
769,4,gelato,neg,gelato,neg,True,tea
769,5,milk tea,neg,milk tea,neg,True,tea
2256,1,quick,pos,quick,pos,True,thai
2256,2,casual,pos,casual,pos,True,thai
2256,3,spicy,pos,spicy,pos,True,thai
2256,4,busy,pos,busy,pos,True,thai
2256,5,downtown,pos,downtown,pos,True,thai
106,1,fluffy,neg,fluffy,neg,True,cheese
106,2,cake,neg,cake,neg,True,cheese
106,3,meat,pos,meat,pos,True,cheese
106,4,tart,neg,tart,neg,True,cheese
106,5,wait,neg,wait,neg,True,cheese
716,1,busy,pos,busy,pos,True,pancake
716,2,croissant,pos,croissant,pos,True,pancake
716,3,dumpling,neg,dumpling,neg,True,pancake
716,4,egg,pos,egg,pos,True,pancake
716,5,salmon,pos,salmon,pos,True,pancake
6858,1,quick,pos,quick,pos,True,ramen
6858,2,salt,pos,salt,pos,True,ramen
6858,3,soup,pos,soup,pos,True,ramen
6858,4,spicy,pos,spicy,pos,True,ramen
6858,5,belly,neg,belly,neg,True,ramen
673,1,gelato,neg,gelato,neg,True,ice cream
673,2,matcha,neg,matcha,neg,True,ice cream
673,3,tea,pos,tea,pos,True,ice cream
673,4,creamy,pos,creamy,pos,True,ice cream
673,5,chocolate,pos,chocolate,pos,True,ice cream
2019,1,modern,neg,modern,neg,True,oyster
2019,2,shrimp,pos,shrimp,pos,True,oyster
2019,3,birthday,neg,birthday,neg,True,oyster
2019,4,sashimi,pos,sashimi,pos,True,oyster
2019,5,bar,pos,bar,pos,True,oyster
6784,1,quick,neg,quick,neg,True,thai
6784,2,casual,neg,casual,neg,True,thai
6784,3,spicy,neg,spicy,neg,True,thai
6784,4,busy,neg,busy,neg,True,thai
6784,5,downtown,neg,downtown,neg,True,thai
97,1,mall,neg,mall,neg,True,pasta
97,2,tomato,neg,tomato,neg,True,pasta
97,3,salad,neg,salad,neg,True,pasta
97,4,bread,pos,bread,pos,True,pasta
97,5,busy,neg,busy,neg,True,pasta
3099,1,quick,neg,quick,neg,True,thai
3099,2,casual,neg,casual,neg,True,thai
3099,3,spicy,neg,spicy,neg,True,thai
3099,4,busy,neg,busy,neg,True,thai
3099,5,downtown,neg,downtown,neg,True,thai
1560,1,quick,neg,quick,neg,True,thai
1560,2,casual,neg,casual,neg,True,thai
1560,3,spicy,neg,spicy,neg,True,thai
1560,4,busy,neg,busy,neg,True,thai
1560,5,downtown,neg,downtown,neg,True,thai
328,1,mayo,pos,mayo,pos,True,fry
328,2,steamed,pos,steamed,pos,True,pork
328,3,kimchi,pos,kimchi,pos,True,pork
328,4,pork belly,pos,pork belly,pos,True,fry
328,5,burger,neg,burger,neg,True,fry
5163,1,quick,neg,quick,neg,True,thai
5163,2,casual,neg,casual,neg,True,thai
5163,3,spicy,pos,spicy,pos,True,thai
5163,4,busy,pos,busy,pos,True,thai
5163,5,downtown,neg,downtown,neg,True,thai
2957,1,quick,neg,quick,neg,True,thai
2957,2,casual,neg,casual,neg,True,thai
2957,3,curry,neg,curry,neg,True,chicken
2957,4,spicy,neg,spicy,neg,True,chicken
2957,5,fried,neg,fried,neg,True,chicken
3564,1,quick,neg,quick,neg,True,thai
3564,2,casual,neg,casual,neg,True,thai
3564,3,spicy,neg,spicy,neg,True,thai
3564,4,busy,neg,busy,neg,True,thai
3564,5,downtown,neg,downtown,neg,True,thai
3468,1,quick,pos,quick,pos,True,thai
3468,2,casual,pos,casual,pos,True,thai
3468,3,spicy,pos,spicy,pos,True,thai
3468,4,busy,pos,busy,pos,True,thai
3468,5,downtown,pos,downtown,pos,True,thai
223,1,vietnamese,neg,vietnamese,neg,True,tea
223,2,bubble,neg,bubble,neg,True,tea
223,3,asian,neg,asian,neg,True,tea
223,4,bubble tea,neg,bubble tea,neg,True,tea
223,5,sesame,neg,sesame,neg,True,tea
2468,1,vietnamese,neg,vietnamese,neg,True,tea
2468,2,bubble,pos,bubble,pos,True,tea
2468,3,asian,neg,asian,neg,True,tea
2468,4,bubble tea,pos,bubble tea,pos,True,tea
2468,5,sesame,neg,sesame,neg,True,tea
33,1,beef,pos,beef,pos,True,corn
33,2,lettuce,neg,lettuce,neg,True,corn
33,3,creamy,pos,creamy,pos,True,corn
33,4,mexican,neg,mexican,neg,True,corn
33,5,chip,neg,chip,neg,True,corn
563,1,brunch,neg,brunch,neg,True,waffle
563,2,cookie,neg,cookie,neg,True,waffle
563,3,mall,pos,mall,pos,True,waffle
563,4,crispy,pos,crispy,pos,True,waffle
563,5,juicy,neg,juicy,neg,True,waffle
1805,1,quick,neg,quick,neg,True,thai
1805,2,casual,neg,casual,neg,True,thai
1805,3,spicy,neg,spicy,neg,True,thai
1805,4,busy,neg,busy,neg,True,thai
1805,5,downtown,neg,downtown,neg,True,thai
32,1,wine,neg,wine,neg,True,steak
32,2,dinner,pos,dinner,pos,True,steak
32,3,rib,pos,rib,pos,True,steak
32,4,potato,pos,potato,pos,True,steak
32,5,salad,neg,salad,neg,True,steak
393,1,quick,pos,quick,pos,True,thai
393,2,casual,neg,casual,neg,True,thai
393,3,spicy,pos,spicy,pos,True,thai
393,4,busy,pos,busy,pos,True,thai
393,5,downtown,pos,downtown,pos,True,thai
1305,1,quick,neg,quick,neg,True,thai
1305,2,casual,neg,casual,neg,True,thai
1305,3,spicy,neg,spicy,neg,True,thai
1305,4,busy,neg,busy,neg,True,thai
1305,5,downtown,neg,downtown,neg,True,thai
129,1,quick,neg,quick,neg,True,ramen
129,2,salt,neg,salt,neg,True,ramen
129,3,soup,pos,soup,pos,True,ramen
129,4,spicy,neg,spicy,neg,True,ramen
129,5,belly,neg,belly,neg,True,ramen
223,1,vegan,neg,vegan,neg,True,crepe
223,2,banana,neg,banana,neg,True,crepe
223,3,dessert,pos,dessert,pos,True,crepe
223,4,japanese,pos,japanese,pos,True,crepe
223,5,tea,pos,tea,pos,True,crepe
2366,1,lamb,neg,lamb,neg,True,rib
2366,2,fried chicken,neg,fried chicken,neg,True,rib
2366,3,potato,neg,potato,neg,True,rib
2366,4,wing,pos,wing,pos,True,rib
2366,5,yummy,neg,yummy,neg,True,thai
3629,1,quick,neg,quick,neg,True,thai
3629,2,casual,neg,casual,neg,True,thai
3629,3,spicy,neg,spicy,neg,True,thai
3629,4,busy,neg,busy,neg,True,thai
3629,5,downtown,neg,downtown,neg,True,thai
278,1,pasta,neg,pasta,neg,True,cheesecake
278,2,cheese,pos,cheese,pos,True,cheesecake
278,3,japanese,pos,japanese,pos,True,cheesecake
278,4,wait,neg,wait,neg,True,cheesecake
278,5,matcha,neg,matcha,neg,True,cheesecake
884,1,quick,pos,quick,pos,True,ramen
884,2,salt,neg,salt,neg,True,ramen
884,3,soup,pos,soup,pos,True,ramen
884,4,spicy,pos,spicy,pos,True,ramen
884,5,belly,pos,belly,pos,True,ramen
2544,1,quick,neg,quick,neg,True,thai
2544,2,casual,neg,casual,neg,True,thai
2544,3,spicy,neg,spicy,neg,True,thai
2544,4,busy,neg,busy,neg,True,thai
2544,5,downtown,neg,downtown,neg,True,thai
103,1,noodle,neg,noodle,neg,True,chicken
103,2,crispy,neg,crispy,neg,True,chicken
103,3,wait,neg,wait,neg,True,chicken
103,4,curry,pos,curry,pos,True,chicken
103,5,friendly,neg,friendly,neg,True,chicken
114,1,tempura,neg,tempura,neg,True,sushi
114,2,pricey,neg,pricey,neg,True,sushi
114,3,expensive,neg,expensive,neg,True,sushi
114,4,scallop,neg,scallop,neg,True,sushi
114,5,egg,neg,egg,neg,True,ramen
5163,1,quick,neg,quick,neg,True,thai
5163,2,casual,neg,casual,neg,True,thai
5163,3,spicy,pos,spicy,pos,True,thai
5163,4,busy,pos,busy,pos,True,thai
5163,5,downtown,neg,downtown,neg,True,thai
2503,1,quick,pos,quick,pos,True,thai
2503,2,casual,neg,casual,neg,True,thai
2503,3,spicy,pos,spicy,pos,True,thai
2503,4,busy,neg,busy,neg,True,thai
2503,5,downtown,pos,downtown,pos,True,thai
1653,1,lamb,neg,lamb,neg,True,rib
1653,2,fried chicken,neg,fried chicken,neg,True,rib
1653,3,potato,neg,potato,neg,True,rib
1653,4,wing,pos,wing,pos,True,rib
1653,5,fried,neg,fried,neg,True,rib
491,1,soup,pos,soup,pos,True,lobster
491,2,fried,pos,fried,pos,True,lobster
491,3,dinner,pos,dinner,pos,True,lobster
491,4,chinese,pos,chinese,pos,True,lobster
491,5,fresh,pos,fresh,pos,True,lobster
2278,1,yummy,neg,yummy,neg,True,dinner
2278,2,fried rice,neg,fried rice,neg,True,fried
2278,3,dessert,neg,dessert,neg,True,dinner
2278,4,friendly,neg,friendly,neg,True,dinner
2278,5,lunch,neg,lunch,neg,True,dinner
4832,1,quick,neg,quick,neg,True,thai
4832,2,spicy,pos,spicy,pos,True,wait
4832,3,soup,pos,soup,pos,True,ramen
4832,4,egg,pos,egg,pos,True,ramen
4832,5,coconut,neg,coconut,neg,True,wait
2762,1,quick,pos,quick,pos,True,thai
2762,2,casual,pos,casual,pos,True,thai
2762,3,spicy,pos,spicy,pos,True,thai
2762,4,busy,pos,busy,pos,True,thai
2762,5,downtown,pos,downtown,pos,True,thai
3720,1,quick,pos,quick,pos,True,thai
3720,2,casual,neg,casual,neg,True,thai
3720,3,spicy,neg,spicy,neg,True,thai
3720,4,busy,neg,busy,neg,True,thai
3720,5,downtown,neg,downtown,neg,True,thai
2760,1,quick,pos,quick,pos,True,thai
2760,2,casual,pos,casual,pos,True,thai
2760,3,spicy,pos,spicy,pos,True,thai
2760,4,busy,pos,busy,pos,True,thai
2760,5,downtown,pos,downtown,pos,True,thai
5546,1,spicy,pos,spicy,pos,True,taco
5546,2,octopus,pos,octopus,pos,True,taco
5546,3,tuna,pos,tuna,pos,True,taco
5546,4,chip,neg,chip,neg,True,taco
5546,5,shrimp,pos,shrimp,pos,True,taco
4529,1,quick,neg,quick,neg,True,ramen
4529,2,salt,neg,salt,neg,True,ramen
4529,3,soup,pos,soup,pos,True,ramen
4529,4,spicy,pos,spicy,pos,True,ramen
4529,5,belly,pos,belly,pos,True,ramen
2165,1,quick,pos,quick,pos,True,thai
2165,2,casual,pos,casual,pos,True,thai
2165,3,spicy,pos,spicy,pos,True,thai
2165,4,busy,pos,busy,pos,True,thai
2165,5,downtown,pos,downtown,pos,True,thai
1255,1,mayo,pos,mayo,pos,True,fry
1255,2,pork belly,pos,pork belly,pos,True,fry
1255,3,belly,pos,belly,pos,True,fry
1255,4,bun,pos,bun,pos,True,fry
1255,5,duck,neg,duck,neg,True,fry
3215,1,expensive,neg,expensive,neg,True,japanese
3215,2,sushi,neg,sushi,neg,True,japanese
3215,3,pricey,neg,pricey,neg,True,japanese
3215,4,salmon,neg,salmon,neg,True,japanese
3215,5,fresh,neg,fresh,neg,True,japanese
1754,1,markham,pos,markham,pos,True,dumpling
1754,2,pork,pos,pork,pos,True,dumpling
1754,3,dim sum,pos,dim sum,pos,True,dumpling
1754,4,pancake,pos,pancake,pos,True,dumpling
1754,5,cheap,neg,cheap,neg,True,dumpling
1992,1,quick,neg,quick,neg,True,thai
1992,2,casual,neg,casual,neg,True,thai
1992,3,spicy,neg,spicy,neg,True,thai
1992,4,curry,neg,curry,neg,True,wait
1992,5,thai,neg,thai,neg,True,wait
38,1,mayo,neg,mayo,neg,True,fry
38,2,pork belly,pos,pork belly,pos,True,fry
38,3,belly,pos,belly,pos,True,fry
38,4,bun,pos,bun,pos,True,fry
38,5,duck,neg,duck,neg,True,fry
6568,1,quick,pos,quick,pos,True,thai
6568,2,casual,pos,casual,pos,True,thai
6568,3,spicy,pos,spicy,pos,True,thai
6568,4,busy,pos,busy,pos,True,thai
6568,5,downtown,pos,downtown,pos,True,thai
74,1,meat,pos,meat,pos,True,burger
74,2,bun,pos,bun,pos,True,burger
74,3,fried,pos,fried,pos,True,burger
74,4,dark,pos,dark,pos,True,burger
74,5,greasy,neg,greasy,neg,True,burger
954,1,vietnamese,neg,vietnamese,neg,True,tea
954,2,bubble,pos,bubble,pos,True,tea
954,3,sesame,neg,sesame,neg,True,milk
954,4,tapioca,pos,tapioca,pos,True,milk
954,5,bubble tea,pos,bubble tea,pos,True,milk
1304,1,quick,neg,quick,neg,True,thai
1304,2,casual,neg,casual,neg,True,thai
1304,3,spicy,neg,spicy,neg,True,thai
1304,4,busy,neg,busy,neg,True,thai
1304,5,downtown,neg,downtown,neg,True,thai
265,1,cheap,neg,cheap,neg,True,kimchi
265,2,fry,pos,fry,pos,True,kimchi
265,3,mayo,neg,mayo,neg,True,kimchi
265,4,vietnamese,neg,vietnamese,neg,True,kimchi
265,5,sandwich,neg,sandwich,neg,True,kimchi
338,1,quick,neg,quick,neg,True,thai
338,2,casual,neg,casual,neg,True,thai
338,3,spicy,neg,spicy,neg,True,thai
338,4,olive,neg,olive,neg,True,pasta
338,5,wine,pos,wine,pos,True,pasta
2543,1,brunch,neg,brunch,neg,True,waffle
2543,2,cookie,neg,cookie,neg,True,waffle
2543,3,mall,pos,mall,pos,True,waffle
2543,4,crispy,pos,crispy,pos,True,waffle
2543,5,juicy,neg,juicy,neg,True,waffle
5782,1,busy,pos,busy,pos,True,pancake
5782,2,croissant,pos,croissant,pos,True,pancake
5782,3,dumpling,neg,dumpling,neg,True,pancake
5782,4,egg,pos,egg,pos,True,pancake
5782,5,salmon,pos,salmon,pos,True,pancake
102,1,soup,neg,soup,neg,True,dim sum
102,2,shrimp,pos,shrimp,pos,True,dim sum
102,3,fast,pos,fast,pos,True,dim sum
102,4,parking,neg,parking,neg,True,dim sum
102,5,fried,pos,fried,pos,True,dim sum
831,1,avocado,neg,avocado,neg,True,egg
831,2,ramen,neg,ramen,neg,True,egg
831,3,waffle,pos,waffle,pos,True,egg
831,4,milk tea,neg,milk tea,neg,True,coffee
831,5,asian,neg,asian,neg,True,coffee
2113,1,quick,pos,quick,pos,True,thai
2113,2,casual,neg,casual,neg,True,thai
2113,3,spicy,neg,spicy,neg,True,thai
2113,4,busy,neg,busy,neg,True,thai
2113,5,downtown,neg,downtown,neg,True,thai
148,1,mall,neg,mall,neg,True,pasta
148,2,tomato,neg,tomato,neg,True,pasta
148,3,salad,pos,salad,pos,True,pasta
148,4,bread,pos,bread,pos,True,pasta
148,5,busy,pos,busy,pos,True,pasta
736,1,chicken,neg,chicken,neg,True,beef
736,2,thai,neg,thai,neg,True,beef
736,3,pork,neg,pork,neg,True,beef
736,4,spring roll,pos,spring roll,pos,True,beef
736,5,kimchi,neg,kimchi,neg,True,vietnamese
310,1,dinner,pos,dinner,pos,True,beer
310,2,dog,neg,dog,neg,True,beer
310,3,pub,neg,pub,neg,True,beer
310,4,fry,pos,fry,pos,True,beer
310,5,friendly,pos,friendly,pos,True,beer
6736,1,quick,pos,quick,pos,True,thai
6736,2,casual,neg,casual,neg,True,thai
6736,3,spicy,pos,spicy,pos,True,thai
6736,4,busy,pos,busy,pos,True,thai
6736,5,downtown,neg,downtown,neg,True,thai
4369,1,quick,neg,quick,neg,True,thai
4369,2,casual,neg,casual,neg,True,thai
4369,3,spicy,neg,spicy,neg,True,thai
4369,4,busy,neg,busy,neg,True,thai
4369,5,downtown,neg,downtown,neg,True,thai
4283,1,quick,neg,quick,neg,True,thai
4283,2,casual,neg,casual,neg,True,thai
4283,3,spicy,neg,spicy,neg,True,thai
4283,4,busy,neg,busy,neg,True,thai
4283,5,downtown,neg,downtown,neg,True,thai
4562,1,quick,neg,quick,neg,True,thai
4562,2,casual,neg,casual,neg,True,thai
4562,3,wait,pos,wait,pos,True,noodle
4562,4,pork,pos,pork,pos,True,noodle
4562,5,spicy,pos,spicy,pos,True,noodle
678,1,matcha,neg,matcha,neg,True,croissant
678,2,quick,neg,quick,neg,True,thai
678,3,tart,neg,tart,neg,True,croissant
678,4,pancake,neg,pancake,neg,True,croissant
678,5,coconut,neg,coconut,neg,True,thai
43,1,tempura,pos,tempura,pos,True,sushi
43,2,pricey,neg,pricey,neg,True,sushi
43,3,expensive,neg,expensive,neg,True,sushi
43,4,scallop,neg,scallop,neg,True,sushi
43,5,fish,pos,fish,pos,True,sushi
1287,1,pasta,neg,pasta,neg,True,cheesecake
1287,2,cheese,pos,cheese,pos,True,cheesecake
1287,3,japanese,pos,japanese,pos,True,cheesecake
1287,4,wait,pos,wait,pos,True,cheesecake
1287,5,matcha,pos,matcha,pos,True,cheesecake
848,1,mayo,pos,mayo,pos,True,fry
848,2,pork belly,pos,pork belly,pos,True,fry
848,3,belly,pos,belly,pos,True,fry
848,4,bun,pos,bun,pos,True,fry
848,5,duck,neg,duck,neg,True,fry
550,1,modern,neg,modern,neg,True,oyster
550,2,shrimp,pos,shrimp,pos,True,oyster
550,3,birthday,neg,birthday,neg,True,oyster
550,4,sashimi,pos,sashimi,pos,True,oyster
550,5,bar,pos,bar,pos,True,oyster
6611,1,quick,neg,quick,neg,True,thai
6611,2,casual,neg,casual,neg,True,thai
6611,3,spicy,neg,spicy,neg,True,thai
6611,4,busy,neg,busy,neg,True,thai
6611,5,downtown,neg,downtown,neg,True,thai
304,1,tempura,neg,tempura,neg,True,sushi
304,2,pricey,neg,pricey,neg,True,sushi
304,3,expensive,neg,expensive,neg,True,sushi
304,4,scallop,neg,scallop,neg,True,sushi
304,5,fish,neg,fish,neg,True,sushi
4277,1,quick,neg,quick,neg,True,ramen
4277,2,salt,neg,salt,neg,True,ramen
4277,3,soup,neg,soup,neg,True,ramen
4277,4,yummy,neg,yummy,neg,True,thai
4277,5,reasonable,neg,reasonable,neg,True,thai
817,1,pasta,neg,pasta,neg,True,cheesecake
817,2,cheese,pos,cheese,pos,True,cheesecake
817,3,creamy,neg,creamy,neg,True,ice cream
817,4,waffle,neg,waffle,neg,True,ice cream
817,5,store,neg,store,neg,True,cheesecake
1757,1,coffee,pos,coffee,pos,True,brunch
1757,2,avocado,neg,avocado,neg,True,egg
1757,3,potato,pos,potato,pos,True,egg
1757,4,breakfast,pos,breakfast,pos,True,egg
1757,5,wait,pos,wait,pos,True,egg
835,1,vietnamese,neg,vietnamese,neg,True,tea
835,2,bubble,pos,bubble,pos,True,tea
835,3,asian,neg,asian,neg,True,tea
835,4,bubble tea,pos,bubble tea,pos,True,tea
835,5,sesame,neg,sesame,neg,True,tea
3005,1,beef,pos,beef,pos,True,corn
3005,2,lettuce,neg,lettuce,neg,True,corn
3005,3,creamy,pos,creamy,pos,True,corn
3005,4,mexican,neg,mexican,neg,True,corn
3005,5,chip,neg,chip,neg,True,corn
279,1,tempura,neg,tempura,neg,True,sushi
279,2,pricey,neg,pricey,neg,True,sushi
279,3,expensive,neg,expensive,neg,True,sushi
279,4,scallop,neg,scallop,neg,True,sushi
279,5,fish,pos,fish,pos,True,sushi
3352,1,quick,neg,quick,neg,True,thai
3352,2,casual,neg,casual,neg,True,thai
3352,3,spicy,neg,spicy,neg,True,thai
3352,4,busy,neg,busy,neg,True,thai
3352,5,downtown,neg,downtown,neg,True,thai
5710,1,quick,neg,quick,neg,True,thai
5710,2,casual,neg,casual,neg,True,thai
5710,3,spicy,neg,spicy,neg,True,thai
5710,4,busy,neg,busy,neg,True,thai
5710,5,downtown,neg,downtown,neg,True,thai
2604,1,coffee,pos,coffee,pos,True,brunch
2604,2,breakfast,neg,breakfast,neg,True,brunch
2604,3,french,pos,french,pos,True,brunch
2604,4,bacon,neg,bacon,neg,True,brunch
2604,5,friendly,pos,friendly,pos,True,brunch
2665,1,quick,neg,quick,neg,True,thai
2665,2,casual,neg,casual,neg,True,thai
2665,3,spicy,neg,spicy,neg,True,thai
2665,4,busy,neg,busy,neg,True,thai
2665,5,downtown,neg,downtown,neg,True,thai
1196,1,tempura,neg,tempura,neg,True,sushi
1196,2,pricey,neg,pricey,neg,True,sushi
1196,3,expensive,neg,expensive,neg,True,sushi
1196,4,scallop,neg,scallop,neg,True,sushi
1196,5,fish,pos,fish,pos,True,sushi
6700,1,spicy,pos,spicy,pos,True,taco
6700,2,octopus,pos,octopus,pos,True,taco
6700,3,tuna,pos,tuna,pos,True,taco
6700,4,chip,neg,chip,neg,True,taco
6700,5,shrimp,pos,shrimp,pos,True,taco
400,1,vietnamese,neg,vietnamese,neg,True,tea
400,2,gelato,neg,gelato,neg,True,ice cream
400,3,green tea,neg,green tea,neg,True,ice cream
400,4,spicy,neg,spicy,neg,True,chicken
400,5,busy,neg,busy,neg,True,chicken
3968,1,tempura,neg,tempura,neg,True,sushi
3968,2,quick,neg,quick,neg,True,thai
3968,3,yummy,neg,yummy,neg,True,thai
3968,4,reasonable,neg,reasonable,neg,True,thai
3968,5,coconut,neg,coconut,neg,True,thai
3117,1,quick,pos,quick,pos,True,ramen
3117,2,salt,pos,salt,pos,True,ramen
3117,3,soup,pos,soup,pos,True,ramen
3117,4,spicy,pos,spicy,pos,True,ramen
3117,5,belly,neg,belly,neg,True,ramen
1980,1,quick,neg,quick,neg,True,thai
1980,2,casual,neg,casual,neg,True,thai
1980,3,spicy,neg,spicy,neg,True,thai
1980,4,busy,neg,busy,neg,True,thai
1980,5,downtown,neg,downtown,neg,True,thai
1047,1,coffee,pos,coffee,pos,True,brunch
1047,2,breakfast,neg,breakfast,neg,True,brunch
1047,3,french,pos,french,pos,True,brunch
1047,4,bacon,neg,bacon,neg,True,brunch
1047,5,friendly,pos,friendly,pos,True,brunch
5153,1,wait,neg,wait,neg,True,soup
5153,2,spicy,neg,spicy,neg,True,soup
5153,3,busy,pos,busy,pos,True,thai
5153,4,tofu,neg,tofu,neg,True,soup
5153,5,miso,neg,miso,neg,True,soup
3110,1,brunch,pos,brunch,pos,True,waffle
3110,2,cookie,neg,cookie,neg,True,waffle
3110,3,mall,neg,mall,neg,True,waffle
3110,4,crispy,neg,crispy,neg,True,waffle
3110,5,juicy,pos,juicy,pos,True,waffle
1135,1,quick,neg,quick,neg,True,thai
1135,2,casual,neg,casual,neg,True,thai
1135,3,spicy,neg,spicy,neg,True,thai
1135,4,busy,neg,busy,neg,True,thai
1135,5,downtown,neg,downtown,neg,True,thai
3564,1,quick,neg,quick,neg,True,ramen
3564,2,salt,neg,salt,neg,True,ramen
3564,3,soup,pos,soup,pos,True,ramen
3564,4,spicy,pos,spicy,pos,True,ramen
3564,5,belly,neg,belly,neg,True,ramen
5027,1,coffee,pos,coffee,pos,True,brunch
5027,2,breakfast,pos,breakfast,pos,True,brunch
5027,3,french,neg,french,neg,True,brunch
5027,4,bacon,pos,bacon,pos,True,brunch
5027,5,friendly,pos,friendly,pos,True,egg
551,1,quick,neg,quick,neg,True,ramen
551,2,salt,neg,salt,neg,True,ramen
551,3,soup,pos,soup,pos,True,ramen
551,4,spicy,pos,spicy,pos,True,ramen
551,5,belly,neg,belly,neg,True,ramen
1636,1,quick,neg,quick,neg,True,thai
1636,2,casual,neg,casual,neg,True,thai
1636,3,bread,pos,bread,pos,True,pasta
1636,4,pizza,pos,pizza,pos,True,pasta
1636,5,italian,pos,italian,pos,True,pasta
2619,1,chicken,pos,chicken,pos,True,beef
2619,2,oyster,neg,oyster,neg,True,fresh
2619,3,beef,pos,beef,pos,True,noodle
2619,4,sushi,neg,sushi,neg,True,fresh
2619,5,japanese,neg,japanese,neg,True,fresh
91,1,quick,neg,quick,neg,True,ramen
91,2,salt,neg,salt,neg,True,ramen
91,3,soup,pos,soup,pos,True,ramen
91,4,spicy,pos,spicy,pos,True,ramen
91,5,belly,neg,belly,neg,True,ramen
19,1,soup,pos,soup,pos,True,lobster
19,2,fried,pos,fried,pos,True,lobster
19,3,dinner,pos,dinner,pos,True,lobster
19,4,chinese,pos,chinese,pos,True,lobster
19,5,fresh,pos,fresh,pos,True,lobster
2691,1,quick,pos,quick,pos,True,thai
2691,2,casual,pos,casual,pos,True,thai
2691,3,spicy,pos,spicy,pos,True,thai
2691,4,busy,pos,busy,pos,True,thai
2691,5,downtown,pos,downtown,pos,True,thai
897,1,quick,neg,quick,neg,True,ramen
897,2,salt,neg,salt,neg,True,ramen
897,3,soup,neg,soup,neg,True,ramen
897,4,spicy,pos,spicy,pos,True,ramen
897,5,belly,neg,belly,neg,True,ramen
5111,1,beef,neg,beef,neg,True,wait
5111,2,spicy,neg,spicy,neg,True,wait
5111,3,coconut,neg,coconut,neg,True,wait
5111,4,curry,neg,curry,neg,True,wait
5111,5,dinner,neg,dinner,neg,True,wait
2250,1,wine,neg,wine,neg,True,steak
2250,2,dinner,pos,dinner,pos,True,steak
2250,3,rib,pos,rib,pos,True,steak
2250,4,potato,pos,potato,pos,True,steak
2250,5,salad,neg,salad,neg,True,steak
6726,1,coffee,pos,coffee,pos,True,brunch
6726,2,breakfast,neg,breakfast,neg,True,brunch
6726,3,french,pos,french,pos,True,brunch
6726,4,bacon,neg,bacon,neg,True,brunch
6726,5,friendly,pos,friendly,pos,True,brunch
2595,1,tempura,pos,tempura,pos,True,sushi
2595,2,pricey,neg,pricey,neg,True,sushi
2595,3,expensive,neg,expensive,neg,True,sushi
2595,4,scallop,neg,scallop,neg,True,sushi
2595,5,fish,pos,fish,pos,True,sushi
109,1,quick,pos,quick,pos,True,thai
109,2,casual,pos,casual,pos,True,thai
109,3,spicy,pos,spicy,pos,True,thai
109,4,busy,pos,busy,pos,True,thai
109,5,downtown,pos,downtown,pos,True,thai
4092,1,quick,neg,quick,neg,True,thai
4092,2,casual,neg,casual,neg,True,thai
4092,3,spicy,neg,spicy,neg,True,thai
4092,4,busy,neg,busy,neg,True,thai
4092,5,downtown,neg,downtown,neg,True,thai
165,1,tempura,neg,tempura,neg,True,sushi
165,2,pricey,pos,pricey,pos,True,sushi
165,3,expensive,pos,expensive,pos,True,sushi
165,4,scallop,pos,scallop,pos,True,sushi
165,5,fish,pos,fish,pos,True,sushi
41,1,tempura,neg,tempura,neg,True,sushi
41,2,pricey,neg,pricey,neg,True,sushi
41,3,expensive,neg,expensive,neg,True,sushi
41,4,scallop,neg,scallop,neg,True,sushi
41,5,fish,neg,fish,neg,True,sushi
247,1,mall,neg,mall,neg,True,pasta
247,2,tomato,neg,tomato,neg,True,pasta
247,3,salad,pos,salad,pos,True,pasta
247,4,bread,pos,bread,pos,True,pasta
247,5,busy,pos,busy,pos,True,pasta
997,1,quick,neg,quick,neg,True,ramen
997,2,salt,neg,salt,neg,True,ramen
997,3,soup,neg,soup,neg,True,ramen
997,4,spicy,pos,spicy,pos,True,ramen
997,5,belly,neg,belly,neg,True,ramen
328,1,gelato,neg,gelato,neg,True,ice cream
328,2,matcha,neg,matcha,neg,True,ice cream
328,3,tea,pos,tea,pos,True,ice cream
328,4,creamy,pos,creamy,pos,True,ice cream
328,5,chocolate,pos,chocolate,pos,True,ice cream
5282,1,quick,neg,quick,neg,True,thai
5282,2,casual,neg,casual,neg,True,thai
5282,3,spicy,neg,spicy,neg,True,thai
5282,4,busy,neg,busy,neg,True,thai
5282,5,coconut,neg,coconut,neg,True,wait
37,1,gelato,neg,gelato,neg,True,ice cream
37,2,matcha,neg,matcha,neg,True,ice cream
37,3,tea,neg,tea,neg,True,ice cream
37,4,creamy,neg,creamy,neg,True,ice cream
37,5,chocolate,pos,chocolate,pos,True,ice cream
1804,1,waffle,neg,waffle,neg,True,sandwich
1804,2,pork belly,neg,pork belly,neg,True,sandwich
1804,3,pork,pos,pork,pos,True,sandwich
1804,4,fry,neg,fry,neg,True,sandwich
1804,5,bun,pos,bun,pos,True,sandwich
893,1,tempura,neg,tempura,neg,True,sushi
893,2,pricey,neg,pricey,neg,True,sushi
893,3,expensive,neg,expensive,neg,True,sushi
893,4,scallop,neg,scallop,neg,True,sushi
893,5,fish,neg,fish,neg,True,sushi
2019,1,quick,neg,quick,neg,True,thai
2019,2,casual,neg,casual,neg,True,thai
2019,3,spicy,pos,spicy,pos,True,thai
2019,4,expensive,neg,expensive,neg,True,salmon
2019,5,coconut,neg,coconut,neg,True,thai
470,1,mango,neg,mango,neg,True,gelato
470,2,vietnamese,pos,vietnamese,pos,True,gelato
470,3,green tea,pos,green tea,pos,True,gelato
470,4,tea,pos,tea,pos,True,gelato
470,5,chocolate,pos,chocolate,pos,True,gelato
859,1,coffee,neg,coffee,neg,True,brunch
859,2,breakfast,pos,breakfast,pos,True,brunch
859,3,busy,neg,busy,neg,True,thai
859,4,reasonable,neg,reasonable,neg,True,thai
859,5,curry,neg,curry,neg,True,thai
6020,1,beef,neg,beef,neg,True,wait
6020,2,spicy,neg,spicy,neg,True,wait
6020,3,coconut,neg,coconut,neg,True,wait
6020,4,curry,neg,curry,neg,True,wait
6020,5,dinner,pos,dinner,pos,True,wait
808,1,modern,neg,modern,neg,True,oyster
808,2,shrimp,neg,shrimp,neg,True,oyster
808,3,birthday,neg,birthday,neg,True,oyster
808,4,sashimi,neg,sashimi,neg,True,oyster
808,5,bar,neg,bar,neg,True,oyster
1362,1,spicy,neg,spicy,neg,True,taco
1362,2,octopus,neg,octopus,neg,True,taco
1362,3,tuna,neg,tuna,neg,True,taco
1362,4,chip,pos,chip,pos,True,taco
1362,5,shrimp,neg,shrimp,neg,True,taco
3817,1,quick,neg,quick,neg,True,thai
3817,2,casual,neg,casual,neg,True,thai
3817,3,spicy,neg,spicy,neg,True,thai
3817,4,busy,neg,busy,neg,True,thai
3817,5,downtown,neg,downtown,neg,True,thai
1622,1,north york,neg,north york,neg,True,wrap
1622,2,corn,pos,corn,pos,True,wrap
1622,3,pork,neg,pork,neg,True,wrap
1622,4,busy,neg,busy,neg,True,wrap
1622,5,spicy,neg,spicy,neg,True,wrap
1186,1,vietnamese,neg,vietnamese,neg,True,tea
1186,2,bubble,neg,bubble,neg,True,tea
1186,3,asian,neg,asian,neg,True,tea
1186,4,bubble tea,neg,bubble tea,neg,True,tea
1186,5,sesame,neg,sesame,neg,True,tea
5290,1,quick,neg,quick,neg,True,thai
5290,2,casual,neg,casual,neg,True,thai
5290,3,spicy,neg,spicy,neg,True,thai
5290,4,busy,neg,busy,neg,True,thai
5290,5,downtown,neg,downtown,neg,True,thai
3656,1,quick,neg,quick,neg,True,thai
3656,2,casual,neg,casual,neg,True,thai
3656,3,spicy,neg,spicy,neg,True,thai
3656,4,busy,neg,busy,neg,True,thai
3656,5,downtown,neg,downtown,neg,True,thai
6537,1,quick,pos,quick,pos,True,thai
6537,2,casual,neg,casual,neg,True,thai
6537,3,spicy,pos,spicy,pos,True,thai
6537,4,busy,pos,busy,pos,True,thai
6537,5,downtown,neg,downtown,neg,True,thai
396,1,market,neg,market,neg,True,seafood
396,2,oyster,pos,oyster,pos,True,seafood
396,3,fish,neg,fish,neg,True,seafood
396,4,fried,pos,fried,pos,True,seafood
396,5,fresh,pos,fresh,pos,True,seafood
1587,1,steak,neg,steak,neg,True,congee
1587,2,shrimp,pos,shrimp,pos,True,congee
1587,3,beef,pos,beef,pos,True,congee
1587,4,fast,neg,fast,neg,True,congee
1587,5,egg,pos,egg,pos,True,congee
2649,1,quick,pos,quick,pos,True,thai
2649,2,casual,pos,casual,pos,True,thai
2649,3,spicy,pos,spicy,pos,True,thai
2649,4,busy,pos,busy,pos,True,thai
2649,5,downtown,pos,downtown,pos,True,thai
397,1,tuna,neg,tuna,neg,True,chip
397,2,crispy,pos,crispy,pos,True,chip
397,3,mexican,neg,mexican,neg,True,fish
397,4,market,neg,market,neg,True,fish
397,5,chip,pos,chip,pos,True,fish
372,1,quick,neg,quick,neg,True,ramen
372,2,salt,neg,salt,neg,True,ramen
372,3,soup,pos,soup,pos,True,ramen
372,4,spicy,pos,spicy,pos,True,ramen
372,5,belly,pos,belly,pos,True,ramen
36,1,steamed,neg,steamed,neg,True,pork
36,2,noodle,neg,noodle,neg,True,pork
36,3,meat,pos,meat,pos,True,pork
36,4,spicy,neg,spicy,neg,True,pork
36,5,bun,pos,bun,pos,True,pork
9,1,pork,neg,pork,neg,True,wing
9,2,fry,neg,fry,neg,True,wing
9,3,chicken,pos,chicken,pos,True,wing
9,4,miso,pos,miso,pos,True,wing
9,5,salmon,pos,salmon,pos,True,wing
3608,1,quick,neg,quick,neg,True,thai
3608,2,casual,neg,casual,neg,True,thai
3608,3,spicy,neg,spicy,neg,True,thai
3608,4,busy,neg,busy,neg,True,thai
3608,5,downtown,neg,downtown,neg,True,thai
1443,1,meat,pos,meat,pos,True,burger
1443,2,bun,pos,bun,pos,True,burger
1443,3,fried,pos,fried,pos,True,burger
1443,4,dark,pos,dark,pos,True,burger
1443,5,greasy,neg,greasy,neg,True,burger
2763,1,wait,pos,wait,pos,True,sausage
2763,2,beer,pos,beer,pos,True,sausage
2763,3,meat,pos,meat,pos,True,sausage
2763,4,bun,pos,bun,pos,True,sausage
2763,5,busy,pos,busy,pos,True,sausage
5689,1,quick,neg,quick,neg,True,thai
5689,2,casual,neg,casual,neg,True,thai
5689,3,spicy,neg,spicy,neg,True,thai
5689,4,busy,pos,busy,pos,True,thai
5689,5,downtown,neg,downtown,neg,True,thai
109,1,quick,neg,quick,neg,True,ramen
109,2,salt,neg,salt,neg,True,ramen
109,3,soup,neg,soup,neg,True,ramen
109,4,spicy,pos,spicy,pos,True,ramen
109,5,belly,neg,belly,neg,True,ramen
4,1,fry,pos,fry,pos,True,french
4,2,dinner,pos,dinner,pos,True,french
4,3,bread,pos,bread,pos,True,french
4,4,bacon,neg,bacon,neg,True,french
4,5,egg,neg,egg,neg,True,french
2326,1,quick,neg,quick,neg,True,thai
2326,2,casual,neg,casual,neg,True,thai
2326,3,spicy,pos,spicy,pos,True,thai
2326,4,busy,neg,busy,neg,True,thai
2326,5,downtown,neg,downtown,neg,True,thai
3047,1,quick,neg,quick,neg,True,thai
3047,2,casual,neg,casual,neg,True,thai
3047,3,spicy,neg,spicy,neg,True,thai
3047,4,busy,neg,busy,neg,True,thai
3047,5,downtown,neg,downtown,neg,True,thai
925,1,noodle,neg,noodle,neg,True,chicken
925,2,crispy,neg,crispy,neg,True,chicken
925,3,wait,neg,wait,neg,True,chicken
925,4,curry,neg,curry,neg,True,chicken
925,5,friendly,pos,friendly,pos,True,chicken
2518,1,curry,pos,curry,pos,True,cheap
2518,2,reasonable,neg,reasonable,neg,True,cheap
2518,3,soup,pos,soup,pos,True,cheap
2518,4,birthday,neg,birthday,neg,True,japanese
2518,5,green tea,neg,green tea,neg,True,japanese
1321,1,coffee,pos,coffee,pos,True,brunch
1321,2,breakfast,neg,breakfast,neg,True,brunch
1321,3,french,pos,french,pos,True,brunch
1321,4,bacon,neg,bacon,neg,True,brunch
1321,5,friendly,pos,friendly,pos,True,brunch
638,1,quick,neg,quick,neg,True,thai
638,2,coffee,neg,coffee,neg,True,brunch
638,3,yummy,neg,yummy,neg,True,thai
638,4,reasonable,neg,reasonable,neg,True,thai
638,5,potato,neg,potato,neg,True,brunch
1635,1,tempura,neg,tempura,neg,True,sushi
1635,2,pricey,neg,pricey,neg,True,sushi
1635,3,expensive,neg,expensive,neg,True,sushi
1635,4,scallop,neg,scallop,neg,True,sushi
1635,5,fish,pos,fish,pos,True,sushi
2376,1,meat,pos,meat,pos,True,burger
2376,2,bun,pos,bun,pos,True,burger
2376,3,fried,pos,fried,pos,True,burger
2376,4,dark,neg,dark,neg,True,burger
2376,5,greasy,neg,greasy,neg,True,burger
4808,1,tempura,neg,tempura,neg,True,sushi
4808,2,pricey,pos,pricey,pos,True,sushi
4808,3,expensive,pos,expensive,pos,True,sushi
4808,4,scallop,pos,scallop,pos,True,sushi
4808,5,fish,pos,fish,pos,True,sushi
6583,1,quick,neg,quick,neg,True,ramen
6583,2,salt,neg,salt,neg,True,ramen
6583,3,soup,pos,soup,pos,True,ramen
6583,4,spicy,pos,spicy,pos,True,ramen
6583,5,belly,pos,belly,pos,True,ramen
409,1,coffee,pos,coffee,pos,True,brunch
409,2,breakfast,neg,breakfast,neg,True,brunch
409,3,french,pos,french,pos,True,brunch
409,4,bacon,neg,bacon,neg,True,brunch
409,5,friendly,pos,friendly,pos,True,brunch
873,1,brunch,pos,brunch,pos,True,waffle
873,2,cookie,neg,cookie,neg,True,waffle
873,3,mall,neg,mall,neg,True,waffle
873,4,crispy,neg,crispy,neg,True,waffle
873,5,juicy,pos,juicy,pos,True,waffle
6935,1,quick,neg,quick,neg,True,ramen
6935,2,salt,neg,salt,neg,True,ramen
6935,3,soup,pos,soup,pos,True,ramen
6935,4,yummy,neg,yummy,neg,True,thai
6935,5,reasonable,neg,reasonable,neg,True,thai
328,1,spicy,pos,spicy,pos,True,taco
328,2,octopus,neg,octopus,neg,True,taco
328,3,tuna,pos,tuna,pos,True,taco
328,4,chip,pos,chip,pos,True,taco
328,5,shrimp,neg,shrimp,neg,True,taco
1423,1,quick,neg,quick,neg,True,ramen
1423,2,salt,neg,salt,neg,True,ramen
1423,3,soup,pos,soup,pos,True,ramen
1423,4,spicy,neg,spicy,neg,True,ramen
1423,5,belly,pos,belly,pos,True,ramen
1419,1,spicy,pos,spicy,pos,True,taco
1419,2,octopus,pos,octopus,pos,True,taco
1419,3,tuna,pos,tuna,pos,True,taco
1419,4,chip,neg,chip,neg,True,taco
1419,5,shrimp,pos,shrimp,pos,True,taco
1412,1,fast,neg,fast,neg,True,pizza
1412,2,italian,neg,italian,neg,True,pizza
1412,3,busy,neg,busy,neg,True,thai
1412,4,reasonable,neg,reasonable,neg,True,thai
1412,5,curry,neg,curry,neg,True,thai
2409,1,coffee,neg,coffee,neg,True,brunch
2409,2,breakfast,neg,breakfast,neg,True,brunch
2409,3,french,neg,french,neg,True,brunch
2409,4,bacon,neg,bacon,neg,True,brunch
2409,5,friendly,pos,friendly,pos,True,brunch
1141,1,quick,pos,quick,pos,True,thai
1141,2,casual,neg,casual,neg,True,thai
1141,3,spicy,pos,spicy,pos,True,thai
1141,4,busy,pos,busy,pos,True,thai
1141,5,downtown,neg,downtown,neg,True,thai
1453,1,modern,neg,modern,neg,True,oyster
1453,2,shrimp,neg,shrimp,neg,True,oyster
1453,3,birthday,neg,birthday,neg,True,oyster
1453,4,sashimi,neg,sashimi,neg,True,oyster
1453,5,bar,pos,bar,pos,True,oyster
4662,1,wine,neg,wine,neg,True,steak
4662,2,dinner,pos,dinner,pos,True,steak
4662,3,rib,pos,rib,pos,True,steak
4662,4,potato,pos,potato,pos,True,steak
4662,5,salad,neg,salad,neg,True,steak
1649,1,tempura,neg,tempura,neg,True,sushi
1649,2,pricey,neg,pricey,neg,True,sushi
1649,3,expensive,neg,expensive,neg,True,sushi
1649,4,scallop,neg,scallop,neg,True,sushi
1649,5,fish,pos,fish,pos,True,sushi
1195,1,japanese,neg,japanese,neg,True,dessert
1195,2,quick,neg,quick,neg,True,thai
1195,3,yummy,neg,yummy,neg,True,thai
1195,4,reasonable,neg,reasonable,neg,True,thai
1195,5,green tea,neg,green tea,neg,True,dessert
959,1,quick,pos,quick,pos,True,ramen
959,2,salt,neg,salt,neg,True,ramen
959,3,soup,pos,soup,pos,True,ramen
959,4,spicy,pos,spicy,pos,True,ramen
959,5,belly,pos,belly,pos,True,ramen
127,1,coffee,neg,coffee,neg,True,brunch
127,2,breakfast,neg,breakfast,neg,True,brunch
127,3,french,pos,french,pos,True,brunch
127,4,bacon,neg,bacon,neg,True,brunch
127,5,friendly,neg,friendly,neg,True,brunch
4019,1,gelato,neg,gelato,neg,True,ice cream
4019,2,matcha,neg,matcha,neg,True,ice cream
4019,3,tea,pos,tea,pos,True,ice cream
4019,4,creamy,pos,creamy,pos,True,ice cream
4019,5,chocolate,pos,chocolate,pos,True,ice cream
96,1,noodle,neg,noodle,neg,True,chicken
96,2,crispy,neg,crispy,neg,True,chicken
96,3,wait,neg,wait,neg,True,chicken
96,4,curry,neg,curry,neg,True,chicken
96,5,fluffy,neg,fluffy,neg,True,cake
556,1,noodle,pos,noodle,pos,True,chicken
556,2,crispy,neg,crispy,neg,True,chicken
556,3,wait,neg,wait,neg,True,chicken
556,4,curry,neg,curry,neg,True,chicken
556,5,friendly,neg,friendly,neg,True,chicken
415,1,mall,neg,mall,neg,True,pasta
415,2,tomato,neg,tomato,neg,True,pasta
415,3,salad,pos,salad,pos,True,pasta
415,4,bread,neg,bread,neg,True,pasta
415,5,busy,neg,busy,neg,True,pasta
6561,1,quick,neg,quick,neg,True,thai
6561,2,casual,neg,casual,neg,True,thai
6561,3,spicy,neg,spicy,neg,True,thai
6561,4,busy,neg,busy,neg,True,thai
6561,5,downtown,neg,downtown,neg,True,thai
1447,1,soup,pos,soup,pos,True,lobster
1447,2,fried,pos,fried,pos,True,lobster
1447,3,dinner,pos,dinner,pos,True,lobster
1447,4,chinese,pos,chinese,pos,True,lobster
1447,5,fresh,pos,fresh,pos,True,lobster
596,1,clean,neg,clean,neg,True,matcha
596,2,ice cream,pos,ice cream,pos,True,matcha
596,3,bean,pos,bean,pos,True,matcha
596,4,store,neg,store,neg,True,matcha
596,5,cheesecake,neg,cheesecake,neg,True,matcha
3613,1,quick,neg,quick,neg,True,thai
3613,2,casual,neg,casual,neg,True,thai
3613,3,spicy,neg,spicy,neg,True,thai
3613,4,busy,neg,busy,neg,True,thai
3613,5,downtown,neg,downtown,neg,True,thai
1219,1,fast,pos,fast,pos,True,pizza
1219,2,italian,neg,italian,neg,True,pizza
1219,3,salad,neg,salad,neg,True,pizza
1219,4,calamari,neg,calamari,neg,True,pizza
1219,5,cheese,pos,cheese,pos,True,pizza
11,1,spicy,neg,spicy,neg,True,taco
11,2,octopus,neg,octopus,neg,True,taco
11,3,tuna,neg,tuna,neg,True,taco
11,4,chip,pos,chip,pos,True,taco
11,5,shrimp,neg,shrimp,neg,True,taco
2008,1,north york,neg,north york,neg,True,pub
2008,2,burger,pos,burger,pos,True,pub
2008,3,crowded,neg,crowded,neg,True,pub
2008,4,ramen,neg,ramen,neg,True,pub
2008,5,thai,neg,thai,neg,True,pub
114,1,quick,pos,quick,pos,True,thai
114,2,casual,pos,casual,pos,True,thai
114,3,spicy,pos,spicy,pos,True,thai
114,4,busy,pos,busy,pos,True,thai
114,5,downtown,pos,downtown,pos,True,thai
2511,1,quick,neg,quick,neg,True,thai
2511,2,casual,neg,casual,neg,True,thai
2511,3,spicy,neg,spicy,neg,True,thai
2511,4,busy,neg,busy,neg,True,thai
2511,5,downtown,neg,downtown,neg,True,thai
2631,1,quick,neg,quick,neg,True,thai
2631,2,casual,neg,casual,neg,True,thai
2631,3,spicy,neg,spicy,neg,True,thai
2631,4,busy,neg,busy,neg,True,thai
2631,5,downtown,neg,downtown,neg,True,thai
926,1,coffee,neg,coffee,neg,True,brunch
926,2,breakfast,neg,breakfast,neg,True,brunch
926,3,french,neg,french,neg,True,brunch
926,4,bacon,neg,bacon,neg,True,brunch
926,5,friendly,pos,friendly,pos,True,brunch
6508,1,spicy,pos,spicy,pos,True,taco
6508,2,octopus,pos,octopus,pos,True,taco
6508,3,tuna,pos,tuna,pos,True,taco
6508,4,chip,neg,chip,neg,True,taco
6508,5,shrimp,pos,shrimp,pos,True,taco
1111,1,quick,neg,quick,neg,True,thai
1111,2,casual,neg,casual,neg,True,thai
1111,3,salmon,neg,salmon,neg,True,japanese
1111,4,cake,neg,cake,neg,True,japanese
1111,5,sashimi,neg,sashimi,neg,True,japanese
2295,1,fast,neg,fast,neg,True,pizza
2295,2,italian,neg,italian,neg,True,pizza
2295,3,salad,pos,salad,pos,True,pizza
2295,4,calamari,neg,calamari,neg,True,pizza
2295,5,cheese,pos,cheese,pos,True,pizza
4883,1,dinner,pos,dinner,pos,True,beer
4883,2,dog,neg,dog,neg,True,beer
4883,3,pub,neg,pub,neg,True,beer
4883,4,fry,pos,fry,pos,True,beer
4883,5,friendly,pos,friendly,pos,True,beer
2075,1,avocado,neg,avocado,neg,True,egg
2075,2,ramen,neg,ramen,neg,True,egg
2075,3,waffle,neg,waffle,neg,True,egg
2075,4,friendly,neg,friendly,neg,True,egg
2075,5,bacon,neg,bacon,neg,True,egg
164,1,coffee,neg,coffee,neg,True,brunch
164,2,breakfast,neg,breakfast,neg,True,brunch
164,3,french,neg,french,neg,True,brunch
164,4,bacon,neg,bacon,neg,True,brunch
164,5,friendly,pos,friendly,pos,True,brunch
1616,1,dinner,pos,dinner,pos,True,beer
1616,2,dog,neg,dog,neg,True,beer
1616,3,pub,neg,pub,neg,True,beer
1616,4,fry,pos,fry,pos,True,beer
1616,5,friendly,pos,friendly,pos,True,beer
1,1,croissant,neg,croissant,neg,True,cake
1,2,matcha,neg,matcha,neg,True,cake
1,3,dessert,pos,dessert,pos,True,cake
1,4,japanese,pos,japanese,pos,True,cake
1,5,cheese,neg,cheese,neg,True,cake
1349,1,mayo,neg,mayo,neg,True,fry
1349,2,pork belly,neg,pork belly,neg,True,fry
1349,3,belly,neg,belly,neg,True,fry
1349,4,bun,neg,bun,neg,True,fry
1349,5,wait,pos,wait,pos,True,brunch
5118,1,quick,pos,quick,pos,True,ramen
5118,2,salt,pos,salt,pos,True,ramen
5118,3,soup,pos,soup,pos,True,ramen
5118,4,spicy,pos,spicy,pos,True,ramen
5118,5,belly,neg,belly,neg,True,ramen
3810,1,quick,neg,quick,neg,True,thai
3810,2,casual,neg,casual,neg,True,thai
3810,3,spicy,neg,spicy,neg,True,thai
3810,4,busy,neg,busy,neg,True,thai
3810,5,downtown,neg,downtown,neg,True,thai
1093,1,quick,neg,quick,neg,True,thai
1093,2,casual,neg,casual,neg,True,thai
1093,3,spicy,neg,spicy,neg,True,thai
1093,4,busy,neg,busy,neg,True,thai
1093,5,downtown,neg,downtown,neg,True,thai
86,1,fish,pos,fish,pos,True,salmon
86,2,pricey,neg,pricey,neg,True,salmon
86,3,modern,neg,modern,neg,True,salmon
86,4,scallop,neg,scallop,neg,True,salmon
86,5,tuna,pos,tuna,pos,True,salmon
728,1,tempura,neg,tempura,neg,True,sushi
728,2,pricey,neg,pricey,neg,True,sushi
728,3,expensive,neg,expensive,neg,True,sushi
728,4,scallop,neg,scallop,neg,True,sushi
728,5,fish,pos,fish,pos,True,sushi
1481,1,soup,neg,soup,neg,True,dim sum
1481,2,shrimp,pos,shrimp,pos,True,dim sum
1481,3,fast,neg,fast,neg,True,dim sum
1481,4,parking,pos,parking,pos,True,dim sum
1481,5,fried,pos,fried,pos,True,dim sum
2474,1,tempura,neg,tempura,neg,True,sushi
2474,2,pricey,pos,pricey,pos,True,sushi
2474,3,expensive,neg,expensive,neg,True,sushi
2474,4,scallop,neg,scallop,neg,True,sushi
2474,5,fish,pos,fish,pos,True,sushi
6838,1,soup,neg,soup,neg,True,meat
6838,2,pork belly,neg,pork belly,neg,True,meat
6838,3,fry,neg,fry,neg,True,meat
6838,4,rib,neg,rib,neg,True,meat
6838,5,bun,neg,bun,neg,True,meat
91,1,vietnamese,neg,vietnamese,neg,True,tea
91,2,bubble,neg,bubble,neg,True,tea
91,3,asian,neg,asian,neg,True,tea
91,4,bubble tea,neg,bubble tea,neg,True,tea
91,5,sesame,neg,sesame,neg,True,tea
152,1,dinner,pos,dinner,pos,True,beer
152,2,dog,neg,dog,neg,True,beer
152,3,pub,neg,pub,neg,True,beer
152,4,fry,pos,fry,pos,True,beer
152,5,friendly,pos,friendly,pos,True,beer
995,1,wait,neg,wait,neg,True,soup
995,2,spicy,neg,spicy,neg,True,soup
995,3,miso,neg,miso,neg,True,soup
995,4,tofu,neg,tofu,neg,True,soup
995,5,lunch,neg,lunch,neg,True,soup
329,1,latte,neg,latte,neg,True,breakfast
329,2,bacon,neg,bacon,neg,True,breakfast
329,3,wait,pos,wait,pos,True,breakfast
329,4,fruit,neg,fruit,neg,True,breakfast
329,5,coffee,neg,coffee,neg,True,breakfast
2163,1,downtown,neg,downtown,neg,True,noodle
2163,2,fried rice,neg,fried rice,neg,True,fried
2163,3,beef,neg,beef,neg,True,noodle
2163,4,reasonable,neg,reasonable,neg,True,thai
2163,5,coconut,neg,coconut,neg,True,thai
3051,1,quick,neg,quick,neg,True,thai
3051,2,casual,neg,casual,neg,True,thai
3051,3,spicy,neg,spicy,neg,True,thai
3051,4,busy,neg,busy,neg,True,thai
3051,5,downtown,neg,downtown,neg,True,thai
4811,1,quick,neg,quick,neg,True,thai
4811,2,casual,neg,casual,neg,True,thai
4811,3,spicy,neg,spicy,neg,True,thai
4811,4,busy,neg,busy,neg,True,thai
4811,5,downtown,neg,downtown,neg,True,thai
4186,1,quick,neg,quick,neg,True,thai
4186,2,octopus,neg,octopus,neg,True,taco
4186,3,busy,neg,busy,neg,True,thai
4186,4,casual,neg,casual,neg,True,thai
4186,5,reasonable,neg,reasonable,neg,True,thai
235,1,fast,pos,fast,pos,True,pizza
235,2,italian,neg,italian,neg,True,pizza
235,3,salad,neg,salad,neg,True,pizza
235,4,calamari,neg,calamari,neg,True,pizza
235,5,cheese,pos,cheese,pos,True,pizza
112,1,quick,pos,quick,pos,True,ramen
112,2,salt,pos,salt,pos,True,ramen
112,3,soup,pos,soup,pos,True,ramen
112,4,spicy,pos,spicy,pos,True,ramen
112,5,belly,neg,belly,neg,True,ramen
1090,1,downtown,neg,downtown,neg,True,noodle
1090,2,pork,neg,pork,neg,True,noodle
1090,3,wait,pos,wait,pos,True,noodle
1090,4,roasted,neg,roasted,neg,True,cocktail
1090,5,sour,neg,sour,neg,True,cocktail
6938,1,dinner,pos,dinner,pos,True,beer
6938,2,dog,neg,dog,neg,True,beer
6938,3,pub,neg,pub,neg,True,beer
6938,4,fry,pos,fry,pos,True,beer
6938,5,friendly,pos,friendly,pos,True,beer
2730,1,quick,neg,quick,neg,True,ramen
2730,2,salt,neg,salt,neg,True,ramen
2730,3,soup,pos,soup,pos,True,ramen
2730,4,spicy,pos,spicy,pos,True,ramen
2730,5,belly,pos,belly,pos,True,ramen
151,1,yummy,neg,yummy,neg,True,dinner
151,2,wait,neg,wait,neg,True,dinner
151,3,fresh,neg,fresh,neg,True,dinner
151,4,salad,pos,salad,pos,True,dinner
151,5,thai,neg,thai,neg,True,dinner
1658,1,gelato,neg,gelato,neg,True,ice cream
1658,2,matcha,neg,matcha,neg,True,ice cream
1658,3,tea,pos,tea,pos,True,ice cream
1658,4,creamy,pos,creamy,pos,True,ice cream
1658,5,chocolate,pos,chocolate,pos,True,ice cream
1550,1,quick,neg,quick,neg,True,thai
1550,2,casual,neg,casual,neg,True,thai
1550,3,spicy,neg,spicy,neg,True,thai
1550,4,busy,neg,busy,neg,True,thai
1550,5,downtown,neg,downtown,neg,True,thai
328,1,gelato,neg,gelato,neg,True,ice cream
328,2,matcha,neg,matcha,neg,True,ice cream
328,3,tea,pos,tea,pos,True,ice cream
328,4,creamy,pos,creamy,pos,True,ice cream
328,5,chocolate,pos,chocolate,pos,True,ice cream
1135,1,kimchi,neg,kimchi,neg,True,fried chicken
1135,2,juicy,pos,juicy,pos,True,fried chicken
1135,3,curry,neg,curry,neg,True,chicken
1135,4,spicy,neg,spicy,neg,True,chicken
1135,5,fried,pos,fried,pos,True,chicken
324,1,salmon,pos,salmon,pos,True,buffet
324,2,fresh,pos,fresh,pos,True,buffet
324,3,sashimi,pos,sashimi,pos,True,buffet
324,4,dessert,pos,dessert,pos,True,buffet
324,5,sushi,pos,sushi,pos,True,buffet
154,1,spicy,neg,spicy,neg,True,taco
154,2,octopus,neg,octopus,neg,True,taco
154,3,tuna,neg,tuna,neg,True,taco
154,4,chip,pos,chip,pos,True,taco
154,5,shrimp,neg,shrimp,neg,True,taco
295,1,fast,neg,fast,neg,True,pizza
295,2,italian,neg,italian,neg,True,pizza
295,3,salad,pos,salad,pos,True,pizza
295,4,calamari,pos,calamari,pos,True,pizza
295,5,cheese,pos,cheese,pos,True,pizza
468,1,quick,neg,quick,neg,True,tofu
468,2,beef,pos,beef,pos,True,tofu
468,3,thai,neg,thai,neg,True,tofu
468,4,bean,pos,bean,pos,True,tofu
468,5,curry,neg,curry,neg,True,tofu
4779,1,quick,neg,quick,neg,True,thai
4779,2,casual,neg,casual,neg,True,thai
4779,3,spicy,neg,spicy,neg,True,thai
4779,4,busy,neg,busy,neg,True,thai
4779,5,downtown,neg,downtown,neg,True,thai
152,1,japanese,neg,japanese,neg,True,dessert
152,2,matcha,neg,matcha,neg,True,dessert
152,3,tea,neg,tea,neg,True,dessert
152,4,clean,neg,clean,neg,True,dessert
152,5,modern,neg,modern,neg,True,dessert
5424,1,quick,neg,quick,neg,True,thai
5424,2,casual,neg,casual,neg,True,thai
5424,3,spicy,neg,spicy,neg,True,thai
5424,4,busy,neg,busy,neg,True,thai
5424,5,downtown,neg,downtown,neg,True,thai
4316,1,beef,neg,beef,neg,True,wait
4316,2,spicy,neg,spicy,neg,True,wait
4316,3,coconut,neg,coconut,neg,True,wait
4316,4,curry,neg,curry,neg,True,wait
4316,5,dinner,neg,dinner,neg,True,wait
4254,1,gelato,neg,gelato,neg,True,ice cream
4254,2,matcha,neg,matcha,neg,True,ice cream
4254,3,tea,pos,tea,pos,True,ice cream
4254,4,creamy,pos,creamy,pos,True,ice cream
4254,5,chocolate,pos,chocolate,pos,True,ice cream
339,1,fluffy,neg,fluffy,neg,True,cheese
339,2,cake,neg,cake,neg,True,cheese
339,3,meat,neg,meat,neg,True,cheese
339,4,tart,neg,tart,neg,True,cheese
339,5,wait,pos,wait,pos,True,cheese
1629,1,steamed,pos,steamed,pos,True,pork
1629,2,fry,pos,fry,pos,True,kimchi
1629,3,spicy,pos,spicy,pos,True,pork
1629,4,noodle,neg,noodle,neg,True,pork
1629,5,ramen,neg,ramen,neg,True,pork
2090,1,quick,neg,quick,neg,True,ramen
2090,2,salt,neg,salt,neg,True,ramen
2090,3,soup,pos,soup,pos,True,ramen
2090,4,spicy,pos,spicy,pos,True,ramen
2090,5,belly,neg,belly,neg,True,ramen
2234,1,tempura,neg,tempura,neg,True,sushi
2234,2,pricey,pos,pricey,pos,True,sushi
2234,3,expensive,pos,expensive,pos,True,sushi
2234,4,scallop,pos,scallop,pos,True,sushi
2234,5,fish,pos,fish,pos,True,sushi
2945,1,quick,neg,quick,neg,True,thai
2945,2,casual,neg,casual,neg,True,thai
2945,3,spicy,neg,spicy,neg,True,thai
2945,4,busy,neg,busy,neg,True,thai
2945,5,downtown,neg,downtown,neg,True,thai
1588,1,soup,neg,soup,neg,True,meat
1588,2,pork belly,pos,pork belly,pos,True,meat
1588,3,fry,neg,fry,neg,True,meat
1588,4,rib,pos,rib,pos,True,meat
1588,5,bun,neg,bun,neg,True,meat
4069,1,quick,neg,quick,neg,True,thai
4069,2,casual,neg,casual,neg,True,thai
4069,3,spicy,neg,spicy,neg,True,thai
4069,4,busy,neg,busy,neg,True,thai
4069,5,downtown,neg,downtown,neg,True,thai
6264,1,quick,neg,quick,neg,True,thai
6264,2,casual,neg,casual,neg,True,thai
6264,3,spicy,neg,spicy,neg,True,thai
6264,4,busy,neg,busy,neg,True,thai
6264,5,downtown,neg,downtown,neg,True,thai
2537,1,pasta,pos,pasta,pos,True,cheesecake
2537,2,cheese,pos,cheese,pos,True,cheesecake
2537,3,japanese,neg,japanese,neg,True,cheesecake
2537,4,wait,pos,wait,pos,True,cheesecake
2537,5,matcha,neg,matcha,neg,True,cheesecake
3686,1,matcha,pos,matcha,pos,True,croissant
3686,2,chocolate,pos,chocolate,pos,True,croissant
3686,3,busy,neg,busy,neg,True,thai
3686,4,pancake,neg,pancake,neg,True,croissant
3686,5,coconut,neg,coconut,neg,True,thai
637,1,downtown,neg,downtown,neg,True,noodle
637,2,pork,pos,pork,pos,True,noodle
637,3,busy,pos,busy,pos,True,pork bone soup
637,4,bean,neg,bean,neg,True,pork bone soup
637,5,soup,pos,soup,pos,True,pork bone soup
653,1,downtown,neg,downtown,neg,True,noodle
653,2,pork,pos,pork,pos,True,noodle
653,3,wait,pos,wait,pos,True,noodle
653,4,quick,neg,quick,neg,True,noodle
653,5,lunch,neg,lunch,neg,True,noodle
928,1,quick,neg,quick,neg,True,thai
928,2,casual,neg,casual,neg,True,thai
928,3,spicy,neg,spicy,neg,True,thai
928,4,busy,pos,busy,pos,True,thai
928,5,potato,pos,potato,pos,True,egg
4495,1,spicy,neg,spicy,neg,True,taco
4495,2,octopus,neg,octopus,neg,True,taco
4495,3,tuna,neg,tuna,neg,True,taco
4495,4,chip,pos,chip,pos,True,taco
4495,5,shrimp,neg,shrimp,neg,True,taco
681,1,fluffy,neg,fluffy,neg,True,cheese
681,2,cake,neg,cake,neg,True,cheese
681,3,meat,neg,meat,neg,True,cheese
681,4,tart,neg,tart,neg,True,cheese
681,5,wait,neg,wait,neg,True,cheese
4947,1,spicy,pos,spicy,pos,True,taco
4947,2,octopus,neg,octopus,neg,True,taco
4947,3,tuna,pos,tuna,pos,True,taco
4947,4,chip,pos,chip,pos,True,taco
4947,5,shrimp,neg,shrimp,neg,True,taco
4629,1,downtown,neg,downtown,neg,True,noodle
4629,2,pork,pos,pork,pos,True,noodle
4629,3,wait,pos,wait,pos,True,noodle
4629,4,quick,neg,quick,neg,True,noodle
4629,5,lunch,neg,lunch,neg,True,noodle
7,1,soup,neg,soup,neg,True,meat
7,2,pork belly,pos,pork belly,pos,True,meat
7,3,fry,neg,fry,neg,True,meat
7,4,rib,pos,rib,pos,True,meat
7,5,bun,neg,bun,neg,True,meat
4249,1,quick,pos,quick,pos,True,ramen
4249,2,salt,neg,salt,neg,True,ramen
4249,3,soup,pos,soup,pos,True,ramen
4249,4,spicy,pos,spicy,pos,True,ramen
4249,5,belly,pos,belly,pos,True,ramen
3049,1,quick,pos,quick,pos,True,thai
3049,2,casual,neg,casual,neg,True,thai
3049,3,spicy,neg,spicy,neg,True,thai
3049,4,busy,pos,busy,pos,True,thai
3049,5,downtown,neg,downtown,neg,True,thai
141,1,modern,neg,modern,neg,True,oyster
141,2,shrimp,neg,shrimp,neg,True,oyster
141,3,birthday,neg,birthday,neg,True,oyster
141,4,sashimi,neg,sashimi,neg,True,oyster
141,5,bar,neg,bar,neg,True,oyster
4321,1,quick,neg,quick,neg,True,thai
4321,2,casual,neg,casual,neg,True,thai
4321,3,spicy,neg,spicy,neg,True,thai
4321,4,busy,neg,busy,neg,True,thai
4321,5,downtown,neg,downtown,neg,True,thai
67,1,vegan,neg,vegan,neg,True,crepe
67,2,banana,pos,banana,pos,True,crepe
67,3,dessert,pos,dessert,pos,True,crepe
67,4,japanese,neg,japanese,neg,True,crepe
67,5,tea,neg,tea,neg,True,crepe
4668,1,quick,neg,quick,neg,True,thai
4668,2,casual,neg,casual,neg,True,thai
4668,3,spicy,neg,spicy,neg,True,thai
4668,4,busy,neg,busy,neg,True,thai
4668,5,downtown,neg,downtown,neg,True,thai
997,1,tempura,neg,tempura,neg,True,sushi
997,2,pricey,neg,pricey,neg,True,sushi
997,3,expensive,neg,expensive,neg,True,sushi
997,4,scallop,neg,scallop,neg,True,sushi
997,5,fish,pos,fish,pos,True,sushi
6375,1,beef,neg,beef,neg,True,wait
6375,2,spicy,neg,spicy,neg,True,wait
6375,3,coconut,neg,coconut,neg,True,wait
6375,4,curry,neg,curry,neg,True,wait
6375,5,dinner,neg,dinner,neg,True,wait
397,1,tuna,neg,tuna,neg,True,chip
397,2,crispy,pos,crispy,pos,True,chip
397,3,mexican,neg,mexican,neg,True,fish
397,4,market,neg,market,neg,True,fish
397,5,chip,pos,chip,pos,True,fish
1706,1,quick,neg,quick,neg,True,thai
1706,2,casual,neg,casual,neg,True,thai
1706,3,spicy,neg,spicy,neg,True,thai
1706,4,busy,neg,busy,neg,True,thai
1706,5,downtown,neg,downtown,neg,True,thai
3124,1,beef,neg,beef,neg,True,wait
3124,2,spicy,neg,spicy,neg,True,wait
3124,3,coconut,neg,coconut,neg,True,wait
3124,4,curry,pos,curry,pos,True,wait
3124,5,downtown,neg,downtown,neg,True,thai
5703,1,quick,neg,quick,neg,True,thai
5703,2,casual,neg,casual,neg,True,thai
5703,3,spicy,neg,spicy,neg,True,thai
5703,4,busy,neg,busy,neg,True,thai
5703,5,downtown,neg,downtown,neg,True,thai
50,1,steamed,neg,steamed,neg,True,pork
50,2,noodle,neg,noodle,neg,True,pork
50,3,meat,pos,meat,pos,True,pork
50,4,sausage,neg,sausage,neg,True,fry
50,5,burger,neg,burger,neg,True,fry
206,1,soup,neg,soup,neg,True,meat
206,2,pork belly,pos,pork belly,pos,True,meat
206,3,fry,neg,fry,neg,True,meat
206,4,rib,pos,rib,pos,True,meat
206,5,deep fried,neg,deep fried,neg,True,corn
299,1,downtown,neg,downtown,neg,True,noodle
299,2,pork,pos,pork,pos,True,noodle
299,3,wait,pos,wait,pos,True,noodle
299,4,quick,neg,quick,neg,True,noodle
299,5,lunch,neg,lunch,neg,True,noodle
1470,1,fried,pos,fried,pos,True,bbq
1470,2,downtown,neg,downtown,neg,True,noodle
1470,3,beef,neg,beef,neg,True,noodle
1470,4,spicy,neg,spicy,neg,True,noodle
1470,5,ramen,neg,ramen,neg,True,noodle
4815,1,quick,neg,quick,neg,True,thai
4815,2,casual,neg,casual,neg,True,thai
4815,3,spicy,neg,spicy,neg,True,thai
4815,4,busy,pos,busy,pos,True,thai
4815,5,downtown,neg,downtown,neg,True,thai
571,1,markham,neg,markham,neg,True,dumpling
571,2,pork,pos,pork,pos,True,dumpling
571,3,dim sum,neg,dim sum,neg,True,dumpling
571,4,pancake,pos,pancake,pos,True,dumpling
571,5,cheap,neg,cheap,neg,True,dumpling
1208,1,fresh,neg,fresh,neg,True,tart
1208,2,cheese,pos,cheese,pos,True,tart
1208,3,cheesecake,pos,cheesecake,pos,True,tart
1208,4,croissant,neg,croissant,neg,True,tart
1208,5,latte,neg,latte,neg,True,tart
1044,1,beef,pos,beef,pos,True,corn
1044,2,lettuce,neg,lettuce,neg,True,corn
1044,3,creamy,pos,creamy,pos,True,corn
1044,4,mexican,neg,mexican,neg,True,corn
1044,5,chip,neg,chip,neg,True,corn
1650,1,noodle,neg,noodle,neg,True,chicken
1650,2,kimchi,neg,kimchi,neg,True,fried chicken
1650,3,crispy,neg,crispy,neg,True,fried chicken
1650,4,chicken,pos,chicken,pos,True,fried chicken
1650,5,greasy,neg,greasy,neg,True,fried chicken
3956,1,soup,neg,soup,neg,True,meat
3956,2,pork belly,pos,pork belly,pos,True,meat
3956,3,fry,neg,fry,neg,True,meat
3956,4,rib,pos,rib,pos,True,meat
3956,5,bun,neg,bun,neg,True,meat
1814,1,quick,pos,quick,pos,True,thai
1814,2,casual,neg,casual,neg,True,thai
1814,3,spicy,pos,spicy,pos,True,thai
1814,4,busy,pos,busy,pos,True,thai
1814,5,downtown,neg,downtown,neg,True,thai
316,1,spicy,neg,spicy,neg,True,taco
316,2,octopus,neg,octopus,neg,True,taco
316,3,tuna,pos,tuna,pos,True,taco
316,4,chip,pos,chip,pos,True,taco
316,5,shrimp,neg,shrimp,neg,True,taco
223,1,quick,pos,quick,pos,True,thai
223,2,casual,pos,casual,pos,True,thai
223,3,spicy,pos,spicy,pos,True,thai
223,4,busy,pos,busy,pos,True,thai
223,5,downtown,pos,downtown,pos,True,thai
198,1,quick,pos,quick,pos,True,thai
198,2,casual,neg,casual,neg,True,thai
198,3,spicy,pos,spicy,pos,True,thai
198,4,busy,pos,busy,pos,True,thai
198,5,downtown,pos,downtown,pos,True,thai
724,1,coffee,pos,coffee,pos,True,brunch
724,2,busy,pos,busy,pos,True,pancake
724,3,wait,pos,wait,pos,True,pancake
724,4,smoked,pos,smoked,pos,True,pancake
724,5,brunch,pos,brunch,pos,True,pancake
107,1,quick,pos,quick,pos,True,thai
107,2,casual,neg,casual,neg,True,thai
107,3,spicy,pos,spicy,pos,True,thai
107,4,busy,pos,busy,pos,True,thai
107,5,downtown,neg,downtown,neg,True,thai
2641,1,quick,pos,quick,pos,True,ramen
2641,2,salt,neg,salt,neg,True,ramen
2641,3,soup,pos,soup,pos,True,ramen
2641,4,spicy,pos,spicy,pos,True,ramen
2641,5,belly,pos,belly,pos,True,ramen
4252,1,wait,pos,wait,pos,True,sausage
4252,2,beer,pos,beer,pos,True,sausage
4252,3,meat,pos,meat,pos,True,sausage
4252,4,bun,pos,bun,pos,True,sausage
4252,5,busy,pos,busy,pos,True,sausage
369,1,spicy,neg,spicy,neg,True,taco
369,2,octopus,neg,octopus,neg,True,taco
369,3,tuna,neg,tuna,neg,True,taco
369,4,chip,pos,chip,pos,True,taco
369,5,shrimp,neg,shrimp,neg,True,taco
2587,1,quick,neg,quick,neg,True,ramen
2587,2,salt,neg,salt,neg,True,ramen
2587,3,soup,pos,soup,pos,True,ramen
2587,4,spicy,pos,spicy,pos,True,ramen
2587,5,belly,pos,belly,pos,True,ramen
89,1,meat,pos,meat,pos,True,burger
89,2,bun,pos,bun,pos,True,burger
89,3,fried,pos,fried,pos,True,burger
89,4,dark,neg,dark,neg,True,burger
89,5,greasy,neg,greasy,neg,True,burger
3929,1,quick,neg,quick,neg,True,thai
3929,2,casual,neg,casual,neg,True,thai
3929,3,spicy,neg,spicy,neg,True,thai
3929,4,busy,neg,busy,neg,True,thai
3929,5,downtown,neg,downtown,neg,True,thai
116,1,downtown,neg,downtown,neg,True,noodle
116,2,pork,neg,pork,neg,True,noodle
116,3,wait,neg,wait,neg,True,noodle
116,4,quick,pos,quick,pos,True,noodle
116,5,spicy,neg,spicy,neg,True,shrimp
94,1,vietnamese,neg,vietnamese,neg,True,tea
94,2,bubble,pos,bubble,pos,True,tea
94,3,asian,neg,asian,neg,True,tea
94,4,bubble tea,pos,bubble tea,pos,True,tea
94,5,sesame,neg,sesame,neg,True,tea
1314,1,tempura,neg,tempura,neg,True,sushi
1314,2,quick,neg,quick,neg,True,thai
1314,3,yummy,neg,yummy,neg,True,thai
1314,4,reasonable,neg,reasonable,neg,True,thai
1314,5,coconut,neg,coconut,neg,True,thai
2672,1,quick,pos,quick,pos,True,thai
2672,2,octopus,pos,octopus,pos,True,taco
2672,3,tuna,pos,tuna,pos,True,taco
2672,4,chip,neg,chip,neg,True,taco
2672,5,shrimp,pos,shrimp,pos,True,taco
195,1,salmon,pos,salmon,pos,True,buffet
195,2,fresh,pos,fresh,pos,True,buffet
195,3,sashimi,pos,sashimi,pos,True,buffet
195,4,dessert,pos,dessert,pos,True,buffet
195,5,sushi,pos,sushi,pos,True,buffet
2927,1,beef,neg,beef,neg,True,wait
2927,2,spicy,neg,spicy,neg,True,wait
2927,3,coconut,neg,coconut,neg,True,wait
2927,4,busy,neg,busy,neg,True,thai
2927,5,dinner,neg,dinner,neg,True,wait
2219,1,quick,neg,quick,neg,True,thai
2219,2,casual,neg,casual,neg,True,thai
2219,3,spicy,neg,spicy,neg,True,thai
2219,4,busy,neg,busy,neg,True,thai
2219,5,downtown,neg,downtown,neg,True,thai
1992,1,tempura,neg,tempura,neg,True,sushi
1992,2,pricey,pos,pricey,pos,True,sushi
1992,3,expensive,pos,expensive,pos,True,sushi
1992,4,scallop,pos,scallop,pos,True,sushi
1992,5,fish,pos,fish,pos,True,sushi
491,1,oyster,neg,oyster,neg,True,fresh
491,2,salmon,neg,salmon,neg,True,fish
491,3,market,neg,market,neg,True,fish
491,4,fresh,pos,fresh,pos,True,fish
491,5,taco,neg,taco,neg,True,fish
6610,1,gelato,neg,gelato,neg,True,ice cream
6610,2,matcha,neg,matcha,neg,True,ice cream
6610,3,tea,pos,tea,pos,True,ice cream
6610,4,creamy,pos,creamy,pos,True,ice cream
6610,5,chocolate,pos,chocolate,pos,True,ice cream
6717,1,spicy,pos,spicy,pos,True,taco
6717,2,octopus,neg,octopus,neg,True,taco
6717,3,tuna,pos,tuna,pos,True,taco
6717,4,chip,pos,chip,pos,True,taco
6717,5,shrimp,neg,shrimp,neg,True,taco
429,1,mall,neg,mall,neg,True,pasta
429,2,tomato,neg,tomato,neg,True,pasta
429,3,salad,pos,salad,pos,True,pasta
429,4,bread,pos,bread,pos,True,pasta
429,5,busy,pos,busy,pos,True,pasta
1646,1,spicy,neg,spicy,neg,True,taco
1646,2,octopus,neg,octopus,neg,True,taco
1646,3,tuna,neg,tuna,neg,True,taco
1646,4,chip,pos,chip,pos,True,taco
1646,5,yummy,neg,yummy,neg,True,thai
166,1,quick,pos,quick,pos,True,thai
166,2,casual,neg,casual,neg,True,thai
166,3,spicy,pos,spicy,pos,True,thai
166,4,busy,pos,busy,pos,True,thai
166,5,downtown,neg,downtown,neg,True,thai
2960,1,quick,neg,quick,neg,True,ramen
2960,2,salt,neg,salt,neg,True,ramen
2960,3,soup,pos,soup,pos,True,ramen
2960,4,spicy,pos,spicy,pos,True,ramen
2960,5,belly,pos,belly,pos,True,ramen
3016,1,tuna,neg,tuna,neg,True,chip
3016,2,crispy,pos,crispy,pos,True,chip
3016,3,dark,neg,dark,neg,True,chip
3016,4,friendly,pos,friendly,pos,True,chip
3016,5,sour,neg,sour,neg,True,chip
3509,1,downtown,neg,downtown,neg,True,noodle
3509,2,pork,neg,pork,neg,True,noodle
3509,3,curry,neg,curry,neg,True,wait
3509,4,spicy,pos,spicy,pos,True,noodle
3509,5,beef,pos,beef,pos,True,noodle
2319,1,gelato,neg,gelato,neg,True,ice cream
2319,2,matcha,neg,matcha,neg,True,ice cream
2319,3,tea,pos,tea,pos,True,ice cream
2319,4,creamy,pos,creamy,pos,True,ice cream
2319,5,chocolate,pos,chocolate,pos,True,ice cream
2440,1,quick,neg,quick,neg,True,thai
2440,2,casual,neg,casual,neg,True,thai
2440,3,spicy,neg,spicy,neg,True,thai
2440,4,busy,neg,busy,neg,True,thai
2440,5,downtown,neg,downtown,neg,True,thai
5845,1,quick,neg,quick,neg,True,thai
5845,2,casual,neg,casual,neg,True,thai
5845,3,spicy,neg,spicy,neg,True,thai
5845,4,busy,neg,busy,neg,True,thai
5845,5,downtown,neg,downtown,neg,True,thai
2812,1,quick,neg,quick,neg,True,thai
2812,2,casual,neg,casual,neg,True,thai
2812,3,spicy,pos,spicy,pos,True,thai
2812,4,busy,neg,busy,neg,True,thai
2812,5,downtown,neg,downtown,neg,True,thai
77,1,spicy,pos,spicy,pos,True,taco
77,2,mayo,neg,mayo,neg,True,fry
77,3,sausage,neg,sausage,neg,True,fry
77,4,burger,neg,burger,neg,True,fry
77,5,wild boar,neg,wild boar,neg,True,fry
5458,1,quick,neg,quick,neg,True,thai
5458,2,casual,neg,casual,neg,True,thai
5458,3,spicy,neg,spicy,neg,True,thai
5458,4,busy,neg,busy,neg,True,thai
5458,5,downtown,neg,downtown,neg,True,thai
49,1,mall,neg,mall,neg,True,pasta
49,2,tomato,pos,tomato,pos,True,pasta
49,3,salad,neg,salad,neg,True,pasta
49,4,bread,pos,bread,pos,True,pasta
49,5,busy,neg,busy,neg,True,pasta
4335,1,quick,neg,quick,neg,True,thai
4335,2,casual,neg,casual,neg,True,thai
4335,3,spicy,neg,spicy,neg,True,thai
4335,4,busy,pos,busy,pos,True,thai
4335,5,downtown,neg,downtown,neg,True,thai
85,1,markham,neg,markham,neg,True,dumpling
85,2,pork,pos,pork,pos,True,dumpling
85,3,dim sum,neg,dim sum,neg,True,dumpling
85,4,pancake,pos,pancake,pos,True,dumpling
85,5,cheap,neg,cheap,neg,True,dumpling
4398,1,quick,neg,quick,neg,True,ramen
4398,2,salt,neg,salt,neg,True,ramen
4398,3,soup,neg,soup,neg,True,ramen
4398,4,spicy,neg,spicy,neg,True,ramen
4398,5,belly,neg,belly,neg,True,ramen
2540,1,expensive,neg,expensive,neg,True,japanese
2540,2,sushi,neg,sushi,neg,True,japanese
2540,3,pricey,neg,pricey,neg,True,japanese
2540,4,yummy,neg,yummy,neg,True,thai
2540,5,coconut,neg,coconut,neg,True,thai
5818,1,busy,pos,busy,pos,True,pancake
5818,2,coffee,pos,coffee,pos,True,brunch
5818,3,wait,pos,wait,pos,True,pancake
5818,4,smoked,pos,smoked,pos,True,pancake
5818,5,brunch,pos,brunch,pos,True,pancake
2309,1,quick,neg,quick,neg,True,thai
2309,2,casual,neg,casual,neg,True,thai
2309,3,spicy,neg,spicy,neg,True,thai
2309,4,busy,neg,busy,neg,True,thai
2309,5,downtown,neg,downtown,neg,True,thai
294,1,salmon,neg,salmon,neg,True,buffet
294,2,fresh,pos,fresh,pos,True,buffet
294,3,sashimi,neg,sashimi,neg,True,buffet
294,4,dessert,pos,dessert,pos,True,buffet
294,5,sushi,pos,sushi,pos,True,buffet
927,1,quick,neg,quick,neg,True,thai
927,2,casual,neg,casual,neg,True,thai
927,3,spicy,pos,spicy,pos,True,thai
927,4,busy,neg,busy,neg,True,thai
927,5,downtown,neg,downtown,neg,True,thai
349,1,oyster,neg,oyster,neg,True,fresh
349,2,salmon,pos,salmon,pos,True,fresh
349,3,lunch,pos,lunch,pos,True,fresh
349,4,dinner,neg,dinner,neg,True,fresh
349,5,busy,neg,busy,neg,True,fresh
6113,1,quick,neg,quick,neg,True,thai
6113,2,casual,neg,casual,neg,True,thai
6113,3,spicy,neg,spicy,neg,True,thai
6113,4,busy,neg,busy,neg,True,thai
6113,5,downtown,neg,downtown,neg,True,thai
4510,1,quick,neg,quick,neg,True,thai
4510,2,casual,neg,casual,neg,True,thai
4510,3,spicy,neg,spicy,neg,True,thai
4510,4,busy,neg,busy,neg,True,thai
4510,5,downtown,neg,downtown,neg,True,thai
15,1,clean,neg,clean,neg,True,matcha
15,2,ice cream,pos,ice cream,pos,True,matcha
15,3,bean,pos,bean,pos,True,matcha
15,4,store,neg,store,neg,True,matcha
15,5,cheesecake,neg,cheesecake,neg,True,matcha
5069,1,brunch,neg,brunch,neg,True,waffle
5069,2,cookie,neg,cookie,neg,True,waffle
5069,3,mall,pos,mall,pos,True,waffle
5069,4,crispy,pos,crispy,pos,True,waffle
5069,5,juicy,neg,juicy,neg,True,waffle
5469,1,quick,pos,quick,pos,True,thai
5469,2,casual,neg,casual,neg,True,thai
5469,3,spicy,neg,spicy,neg,True,thai
5469,4,busy,neg,busy,neg,True,thai
5469,5,downtown,neg,downtown,neg,True,thai
1046,1,fast,neg,fast,neg,True,pizza
1046,2,italian,neg,italian,neg,True,pizza
1046,3,salad,pos,salad,pos,True,pizza
1046,4,calamari,neg,calamari,neg,True,pizza
1046,5,cheese,pos,cheese,pos,True,pizza
2513,1,quick,neg,quick,neg,True,thai
2513,2,casual,neg,casual,neg,True,thai
2513,3,spicy,neg,spicy,neg,True,thai
2513,4,busy,neg,busy,neg,True,thai
2513,5,downtown,neg,downtown,neg,True,thai
792,1,coffee,neg,coffee,neg,True,brunch
792,2,breakfast,neg,breakfast,neg,True,brunch
792,3,french,neg,french,neg,True,brunch
792,4,bacon,neg,bacon,neg,True,brunch
792,5,friendly,pos,friendly,pos,True,brunch
2508,1,beef,pos,beef,pos,True,wait
2508,2,lettuce,pos,lettuce,pos,True,corn
2508,3,creamy,neg,creamy,neg,True,ice cream
2508,4,baked,neg,baked,neg,True,corn
2508,5,reasonable,neg,reasonable,neg,True,thai
271,1,coffee,pos,coffee,pos,True,brunch
271,2,breakfast,neg,breakfast,neg,True,brunch
271,3,french,pos,french,pos,True,brunch
271,4,bacon,neg,bacon,neg,True,brunch
271,5,friendly,pos,friendly,pos,True,brunch
6774,1,quick,neg,quick,neg,True,thai
6774,2,casual,neg,casual,neg,True,thai
6774,3,spicy,neg,spicy,neg,True,thai
6774,4,busy,neg,busy,neg,True,thai
6774,5,downtown,neg,downtown,neg,True,thai
6168,1,brunch,neg,brunch,neg,True,waffle
6168,2,cookie,neg,cookie,neg,True,waffle
6168,3,mall,pos,mall,pos,True,waffle
6168,4,crispy,pos,crispy,pos,True,waffle
6168,5,juicy,neg,juicy,neg,True,waffle
1102,1,vietnamese,neg,vietnamese,neg,True,tea
1102,2,bubble,pos,bubble,pos,True,tea
1102,3,asian,neg,asian,neg,True,tea
1102,4,bubble tea,pos,bubble tea,pos,True,tea
1102,5,sesame,neg,sesame,neg,True,tea
374,1,chicken,pos,chicken,pos,True,curry
374,2,casual,neg,casual,neg,True,curry
374,3,spicy,neg,spicy,neg,True,curry
374,4,busy,neg,busy,neg,True,curry
374,5,downtown,neg,downtown,neg,True,curry
57,1,steamed,pos,steamed,pos,True,pork
57,2,mayo,pos,mayo,pos,True,fry
57,3,sausage,neg,sausage,neg,True,fry
57,4,burger,neg,burger,neg,True,fry
57,5,wild boar,neg,wild boar,neg,True,fry
5003,1,quick,neg,quick,neg,True,thai
5003,2,casual,neg,casual,neg,True,thai
5003,3,spicy,neg,spicy,neg,True,thai
5003,4,busy,neg,busy,neg,True,thai
5003,5,downtown,neg,downtown,neg,True,thai
1043,1,brunch,pos,brunch,pos,True,waffle
1043,2,cookie,neg,cookie,neg,True,waffle
1043,3,mall,neg,mall,neg,True,waffle
1043,4,crispy,neg,crispy,neg,True,waffle
1043,5,juicy,pos,juicy,pos,True,waffle
5756,1,soup,pos,soup,pos,True,lobster
5756,2,fried,pos,fried,pos,True,lobster
5756,3,dinner,pos,dinner,pos,True,lobster
5756,4,chinese,pos,chinese,pos,True,lobster
5756,5,fresh,pos,fresh,pos,True,lobster
1267,1,meat,neg,meat,neg,True,burger
1267,2,bun,pos,bun,pos,True,burger
1267,3,fried,neg,fried,neg,True,burger
1267,4,dark,neg,dark,neg,True,burger
1267,5,greasy,neg,greasy,neg,True,burger
5310,1,quick,neg,quick,neg,True,thai
5310,2,casual,neg,casual,neg,True,thai
5310,3,spicy,neg,spicy,neg,True,thai
5310,4,busy,neg,busy,neg,True,thai
5310,5,downtown,neg,downtown,neg,True,thai
1133,1,beef,pos,beef,pos,True,corn
1133,2,lettuce,pos,lettuce,pos,True,corn
1133,3,creamy,neg,creamy,neg,True,corn
1133,4,mexican,neg,mexican,neg,True,corn
1133,5,chip,neg,chip,neg,True,corn
488,1,salmon,neg,salmon,neg,True,fish
488,2,downtown,neg,downtown,neg,True,noodle
488,3,beef,neg,beef,neg,True,noodle
488,4,fresh,neg,fresh,neg,True,fish
488,5,tuna,neg,tuna,neg,True,fish
1148,1,matcha,pos,matcha,pos,True,croissant
1148,2,chocolate,pos,chocolate,pos,True,croissant
1148,3,brunch,neg,brunch,neg,True,croissant
1148,4,cake,pos,cake,pos,True,croissant
1148,5,fluffy,neg,fluffy,neg,True,croissant
3115,1,cheese,pos,cheese,pos,True,lamb
3115,2,crispy,pos,crispy,pos,True,lamb
3115,3,bread,pos,bread,pos,True,lamb
3115,4,cocktail,pos,cocktail,pos,True,lamb
3115,5,dumpling,pos,dumpling,pos,True,lamb
3427,1,quick,pos,quick,pos,True,thai
3427,2,casual,neg,casual,neg,True,thai
3427,3,spicy,pos,spicy,pos,True,thai
3427,4,busy,pos,busy,pos,True,thai
3427,5,downtown,neg,downtown,neg,True,thai
3404,1,clean,neg,clean,neg,True,matcha
3404,2,ice cream,pos,ice cream,pos,True,matcha
3404,3,bean,pos,bean,pos,True,matcha
3404,4,store,neg,store,neg,True,matcha
3404,5,cheesecake,neg,cheesecake,neg,True,matcha
5272,1,quick,neg,quick,neg,True,thai
5272,2,casual,neg,casual,neg,True,thai
5272,3,spicy,neg,spicy,neg,True,thai
5272,4,busy,neg,busy,neg,True,thai
5272,5,downtown,neg,downtown,neg,True,thai
6510,1,quick,neg,quick,neg,True,thai
6510,2,casual,neg,casual,neg,True,thai
6510,3,spicy,neg,spicy,neg,True,thai
6510,4,busy,neg,busy,neg,True,thai
6510,5,downtown,neg,downtown,neg,True,thai
195,1,vegan,neg,vegan,neg,True,crepe
195,2,banana,neg,banana,neg,True,crepe
195,3,dessert,pos,dessert,pos,True,crepe
195,4,japanese,pos,japanese,pos,True,crepe
195,5,tea,pos,tea,pos,True,crepe
134,1,brunch,pos,brunch,pos,True,waffle
134,2,cookie,neg,cookie,neg,True,waffle
134,3,mall,neg,mall,neg,True,waffle
134,4,crispy,neg,crispy,neg,True,waffle
134,5,juicy,pos,juicy,pos,True,waffle
1726,1,mall,neg,mall,neg,True,pasta
1726,2,tomato,pos,tomato,pos,True,pasta
1726,3,salad,pos,salad,pos,True,pasta
1726,4,bread,pos,bread,pos,True,pasta
1726,5,busy,pos,busy,pos,True,pasta
6498,1,coffee,pos,coffee,pos,True,brunch
6498,2,quick,neg,quick,neg,True,thai
6498,3,yummy,neg,yummy,neg,True,thai
6498,4,reasonable,neg,reasonable,neg,True,thai
6498,5,coconut,neg,coconut,neg,True,thai
2756,1,pasta,pos,pasta,pos,True,cheesecake
2756,2,cheese,pos,cheese,pos,True,cheesecake
2756,3,japanese,neg,japanese,neg,True,cheesecake
2756,4,wait,pos,wait,pos,True,cheesecake
2756,5,matcha,neg,matcha,neg,True,cheesecake
903,1,matcha,neg,matcha,neg,True,croissant
903,2,chocolate,pos,chocolate,pos,True,croissant
903,3,brunch,neg,brunch,neg,True,croissant
903,4,cake,pos,cake,pos,True,croissant
903,5,fluffy,neg,fluffy,neg,True,croissant
2124,1,mall,neg,mall,neg,True,pasta
2124,2,tomato,pos,tomato,pos,True,pasta
2124,3,salad,pos,salad,pos,True,pasta
2124,4,bread,pos,bread,pos,True,pasta
2124,5,busy,pos,busy,pos,True,pasta
13,1,mall,neg,mall,neg,True,pasta
13,2,tomato,pos,tomato,pos,True,pasta
13,3,salad,pos,salad,pos,True,pasta
13,4,bread,pos,bread,pos,True,pasta
13,5,busy,pos,busy,pos,True,pasta
394,1,mall,neg,mall,neg,True,pasta
394,2,tomato,neg,tomato,neg,True,pasta
394,3,salad,pos,salad,pos,True,pasta
394,4,bread,neg,bread,neg,True,pasta
394,5,busy,neg,busy,neg,True,pasta
996,1,quick,neg,quick,neg,True,thai
996,2,pork,pos,pork,pos,True,wing
996,3,dinner,neg,dinner,neg,True,rib
996,4,greasy,neg,greasy,neg,True,rib
996,5,meat,neg,meat,neg,True,rib
1877,1,tempura,neg,tempura,neg,True,sushi
1877,2,pricey,neg,pricey,neg,True,sushi
1877,3,expensive,neg,expensive,neg,True,sushi
1877,4,scallop,neg,scallop,neg,True,sushi
1877,5,fish,neg,fish,neg,True,sushi
943,1,wait,pos,wait,pos,True,soup
943,2,spicy,pos,spicy,pos,True,soup
943,3,miso,neg,miso,neg,True,soup
943,4,tofu,neg,tofu,neg,True,soup
943,5,lunch,neg,lunch,neg,True,soup
337,1,dessert,neg,dessert,neg,True,bread
337,2,octopus,neg,octopus,neg,True,bread
337,3,dinner,neg,dinner,neg,True,bread
337,4,cheese,pos,cheese,pos,True,bread
337,5,roasted,neg,roasted,neg,True,bread
4920,1,coffee,neg,coffee,neg,True,brunch
4920,2,breakfast,neg,breakfast,neg,True,brunch
4920,3,french,neg,french,neg,True,brunch
4920,4,bacon,neg,bacon,neg,True,brunch
4920,5,friendly,pos,friendly,pos,True,brunch
391,1,quick,neg,quick,neg,True,ramen
391,2,salt,neg,salt,neg,True,ramen
391,3,soup,pos,soup,pos,True,ramen
391,4,spicy,pos,spicy,pos,True,ramen
391,5,belly,pos,belly,pos,True,ramen
1509,1,quick,neg,quick,neg,True,thai
1509,2,casual,neg,casual,neg,True,thai
1509,3,spicy,neg,spicy,neg,True,thai
1509,4,busy,neg,busy,neg,True,thai
1509,5,downtown,neg,downtown,neg,True,thai
6743,1,quick,neg,quick,neg,True,thai
6743,2,casual,neg,casual,neg,True,thai
6743,3,spicy,neg,spicy,neg,True,thai
6743,4,busy,neg,busy,neg,True,thai
6743,5,downtown,neg,downtown,neg,True,thai
1334,1,quick,pos,quick,pos,True,ramen
1334,2,salt,neg,salt,neg,True,ramen
1334,3,soup,pos,soup,pos,True,ramen
1334,4,spicy,pos,spicy,pos,True,ramen
1334,5,belly,pos,belly,pos,True,ramen
6049,1,mayo,pos,mayo,pos,True,fry
6049,2,pork belly,pos,pork belly,pos,True,fry
6049,3,belly,pos,belly,pos,True,fry
6049,4,bun,pos,bun,pos,True,fry
6049,5,duck,neg,duck,neg,True,fry
763,1,meat,pos,meat,pos,True,burger
763,2,bun,pos,bun,pos,True,burger
763,3,fried,pos,fried,pos,True,burger
763,4,dark,pos,dark,pos,True,burger
763,5,greasy,neg,greasy,neg,True,burger
3531,1,quick,neg,quick,neg,True,ramen
3531,2,salt,neg,salt,neg,True,ramen
3531,3,soup,pos,soup,pos,True,ramen
3531,4,spicy,neg,spicy,neg,True,ramen
3531,5,belly,pos,belly,pos,True,ramen
2552,1,beef,neg,beef,neg,True,wait
2552,2,coffee,neg,coffee,neg,True,brunch
2552,3,wait,neg,wait,neg,True,brunch
2552,4,pancake,pos,pancake,pos,True,brunch
2552,5,potato,neg,potato,neg,True,brunch
3948,1,salmon,pos,salmon,pos,True,buffet
3948,2,fresh,pos,fresh,pos,True,buffet
3948,3,sashimi,pos,sashimi,pos,True,buffet
3948,4,dessert,pos,dessert,pos,True,buffet
3948,5,sushi,pos,sushi,pos,True,buffet
2297,1,quick,neg,quick,neg,True,thai
2297,2,casual,neg,casual,neg,True,thai
2297,3,spicy,neg,spicy,neg,True,thai
2297,4,busy,neg,busy,neg,True,thai
2297,5,downtown,neg,downtown,neg,True,thai
1368,1,quick,neg,quick,neg,True,thai
1368,2,casual,neg,casual,neg,True,thai
1368,3,spicy,neg,spicy,neg,True,thai
1368,4,busy,neg,busy,neg,True,thai
1368,5,downtown,neg,downtown,neg,True,thai
306,1,croissant,neg,croissant,neg,True,cake
306,2,matcha,neg,matcha,neg,True,cake
306,3,dessert,pos,dessert,pos,True,cake
306,4,japanese,neg,japanese,neg,True,cake
306,5,cheese,neg,cheese,neg,True,cake
3698,1,coffee,neg,coffee,neg,True,brunch
3698,2,breakfast,neg,breakfast,neg,True,brunch
3698,3,french,neg,french,neg,True,brunch
3698,4,bacon,neg,bacon,neg,True,brunch
3698,5,friendly,pos,friendly,pos,True,brunch
6249,1,fast,pos,fast,pos,True,salad
6249,2,dinner,pos,dinner,pos,True,salad
6249,3,busy,pos,busy,pos,True,thai
6249,4,reasonable,pos,reasonable,pos,True,thai
6249,5,curry,pos,curry,pos,True,thai
662,1,mayo,pos,mayo,pos,True,fry
662,2,pork belly,pos,pork belly,pos,True,fry
662,3,belly,pos,belly,pos,True,fry
662,4,bun,pos,bun,pos,True,fry
662,5,duck,neg,duck,neg,True,fry
223,1,vietnamese,neg,vietnamese,neg,True,tea
223,2,bubble,pos,bubble,pos,True,tea
223,3,asian,neg,asian,neg,True,tea
223,4,bubble tea,pos,bubble tea,pos,True,tea
223,5,sesame,neg,sesame,neg,True,tea
4926,1,quick,neg,quick,neg,True,thai
4926,2,casual,neg,casual,neg,True,thai
4926,3,spicy,neg,spicy,neg,True,thai
4926,4,busy,neg,busy,neg,True,thai
4926,5,downtown,neg,downtown,neg,True,thai
486,1,quick,neg,quick,neg,True,thai
486,2,casual,neg,casual,neg,True,thai
486,3,spicy,neg,spicy,neg,True,thai
486,4,busy,neg,busy,neg,True,thai
486,5,downtown,neg,downtown,neg,True,thai
4937,1,quick,neg,quick,neg,True,ramen
4937,2,salt,neg,salt,neg,True,ramen
4937,3,soup,pos,soup,pos,True,ramen
4937,4,spicy,pos,spicy,pos,True,ramen
4937,5,belly,neg,belly,neg,True,ramen
356,1,tempura,neg,tempura,neg,True,sushi
356,2,pricey,pos,pricey,pos,True,sushi
356,3,expensive,neg,expensive,neg,True,sushi
356,4,scallop,neg,scallop,neg,True,sushi
356,5,fish,pos,fish,pos,True,sushi
4230,1,kimchi,neg,kimchi,neg,True,fried chicken
4230,2,juicy,pos,juicy,pos,True,fried chicken
4230,3,rib,pos,rib,pos,True,fried chicken
4230,4,fry,pos,fry,pos,True,fried chicken
4230,5,pork belly,neg,pork belly,neg,True,fried chicken
1013,1,spicy,neg,spicy,neg,True,taco
1013,2,octopus,neg,octopus,neg,True,taco
1013,3,tuna,neg,tuna,neg,True,taco
1013,4,chip,pos,chip,pos,True,taco
1013,5,shrimp,neg,shrimp,neg,True,taco
4064,1,quick,pos,quick,pos,True,thai
4064,2,casual,neg,casual,neg,True,thai
4064,3,spicy,pos,spicy,pos,True,thai
4064,4,busy,pos,busy,pos,True,thai
4064,5,downtown,neg,downtown,neg,True,thai
2972,1,quick,pos,quick,pos,True,thai
2972,2,casual,pos,casual,pos,True,thai
2972,3,spicy,pos,spicy,pos,True,thai
2972,4,busy,pos,busy,pos,True,thai
2972,5,downtown,pos,downtown,pos,True,thai
4341,1,quick,neg,quick,neg,True,thai
4341,2,casual,neg,casual,neg,True,thai
4341,3,spicy,neg,spicy,neg,True,thai
4341,4,busy,neg,busy,neg,True,thai
4341,5,downtown,neg,downtown,neg,True,thai
2568,1,coffee,neg,coffee,neg,True,brunch
2568,2,breakfast,neg,breakfast,neg,True,brunch
2568,3,french,neg,french,neg,True,brunch
2568,4,bacon,neg,bacon,neg,True,brunch
2568,5,friendly,pos,friendly,pos,True,brunch
1574,1,gelato,neg,gelato,neg,True,ice cream
1574,2,matcha,neg,matcha,neg,True,ice cream
1574,3,tea,neg,tea,neg,True,ice cream
1574,4,creamy,neg,creamy,neg,True,ice cream
1574,5,chocolate,pos,chocolate,pos,True,ice cream
5123,1,markham,neg,markham,neg,True,dumpling
5123,2,pork,pos,pork,pos,True,dumpling
5123,3,dim sum,neg,dim sum,neg,True,dumpling
5123,4,pancake,pos,pancake,pos,True,dumpling
5123,5,cheap,neg,cheap,neg,True,dumpling
2957,1,lamb,neg,lamb,neg,True,rib
2957,2,fried chicken,neg,fried chicken,neg,True,rib
2957,3,potato,neg,potato,neg,True,rib
2957,4,wing,pos,wing,pos,True,rib
2957,5,fried,neg,fried,neg,True,rib
2332,1,meat,pos,meat,pos,True,burger
2332,2,bun,pos,bun,pos,True,burger
2332,3,fried,pos,fried,pos,True,burger
2332,4,dark,pos,dark,pos,True,burger
2332,5,greasy,neg,greasy,neg,True,burger
251,1,chicken,pos,chicken,pos,True,curry
251,2,fluffy,neg,fluffy,neg,True,cheese
251,3,pizza,neg,pizza,neg,True,cheese
251,4,reasonable,neg,reasonable,neg,True,curry
251,5,cheesecake,neg,cheesecake,neg,True,cheese
1856,1,soup,neg,soup,neg,True,meat
1856,2,pork belly,pos,pork belly,pos,True,meat
1856,3,fry,neg,fry,neg,True,meat
1856,4,rib,pos,rib,pos,True,meat
1856,5,bun,neg,bun,neg,True,meat
75,1,tempura,neg,tempura,neg,True,sushi
75,2,pricey,neg,pricey,neg,True,sushi
75,3,expensive,neg,expensive,neg,True,sushi
75,4,scallop,neg,scallop,neg,True,sushi
75,5,fish,pos,fish,pos,True,sushi
1338,1,quick,neg,quick,neg,True,thai
1338,2,casual,neg,casual,neg,True,thai
1338,3,spicy,neg,spicy,neg,True,thai
1338,4,busy,neg,busy,neg,True,thai
1338,5,downtown,neg,downtown,neg,True,thai
246,1,brunch,pos,brunch,pos,True,waffle
246,2,cookie,neg,cookie,neg,True,waffle
246,3,mall,neg,mall,neg,True,waffle
246,4,crispy,neg,crispy,neg,True,waffle
246,5,juicy,pos,juicy,pos,True,waffle
6542,1,modern,neg,modern,neg,True,oyster
6542,2,shrimp,neg,shrimp,neg,True,oyster
6542,3,birthday,neg,birthday,neg,True,oyster
6542,4,sashimi,neg,sashimi,neg,True,oyster
6542,5,bar,pos,bar,pos,True,oyster
1456,1,modern,neg,modern,neg,True,oyster
1456,2,shrimp,pos,shrimp,pos,True,oyster
1456,3,birthday,neg,birthday,neg,True,oyster
1456,4,sashimi,pos,sashimi,pos,True,oyster
1456,5,bar,pos,bar,pos,True,oyster
4242,1,quick,neg,quick,neg,True,thai
4242,2,casual,neg,casual,neg,True,thai
4242,3,spicy,neg,spicy,neg,True,thai
4242,4,busy,neg,busy,neg,True,thai
4242,5,downtown,neg,downtown,neg,True,thai
1999,1,kimchi,neg,kimchi,neg,True,fried chicken
1999,2,juicy,pos,juicy,pos,True,fried chicken
1999,3,curry,neg,curry,neg,True,chicken
1999,4,spicy,neg,spicy,neg,True,chicken
1999,5,fried,pos,fried,pos,True,chicken
5851,1,quick,neg,quick,neg,True,thai
5851,2,casual,neg,casual,neg,True,thai
5851,3,spicy,neg,spicy,neg,True,thai
5851,4,busy,neg,busy,neg,True,thai
5851,5,downtown,neg,downtown,neg,True,thai
4164,1,quick,neg,quick,neg,True,thai
4164,2,casual,neg,casual,neg,True,thai
4164,3,spicy,neg,spicy,neg,True,thai
4164,4,busy,neg,busy,neg,True,thai
4164,5,downtown,neg,downtown,neg,True,thai
92,1,salmon,neg,salmon,neg,True,fish
92,2,chip,pos,chip,pos,True,fish
92,3,mexican,neg,mexican,neg,True,fish
92,4,shrimp,neg,shrimp,neg,True,fish
92,5,sour,neg,sour,neg,True,fish
5342,1,tempura,pos,tempura,pos,True,sushi
5342,2,pricey,neg,pricey,neg,True,sushi
5342,3,expensive,neg,expensive,neg,True,sushi
5342,4,scallop,neg,scallop,neg,True,sushi
5342,5,fish,pos,fish,pos,True,sushi
917,1,pasta,neg,pasta,neg,True,cheesecake
917,2,cheese,pos,cheese,pos,True,cheesecake
917,3,japanese,pos,japanese,pos,True,cheesecake
917,4,wait,pos,wait,pos,True,cheesecake
917,5,matcha,pos,matcha,pos,True,cheesecake
1062,1,spicy,neg,spicy,neg,True,taco
1062,2,octopus,neg,octopus,neg,True,taco
1062,3,tuna,neg,tuna,neg,True,taco
1062,4,chip,pos,chip,pos,True,taco
1062,5,yummy,neg,yummy,neg,True,thai
566,1,gelato,neg,gelato,neg,True,ice cream
566,2,matcha,neg,matcha,neg,True,ice cream
566,3,tea,pos,tea,pos,True,ice cream
566,4,creamy,pos,creamy,pos,True,ice cream
566,5,chocolate,pos,chocolate,pos,True,ice cream
194,1,pasta,neg,pasta,neg,True,cheesecake
194,2,cheese,pos,cheese,pos,True,cheesecake
194,3,japanese,pos,japanese,pos,True,cheesecake
194,4,wait,neg,wait,neg,True,cheesecake
194,5,matcha,pos,matcha,pos,True,cheesecake
4983,1,quick,pos,quick,pos,True,thai
4983,2,casual,neg,casual,neg,True,thai
4983,3,spicy,neg,spicy,neg,True,thai
4983,4,busy,neg,busy,neg,True,thai
4983,5,downtown,neg,downtown,neg,True,thai
480,1,avocado,neg,avocado,neg,True,egg
480,2,ramen,neg,ramen,neg,True,egg
480,3,waffle,pos,waffle,pos,True,egg
480,4,milk tea,neg,milk tea,neg,True,coffee
480,5,coffee,pos,coffee,pos,True,brunch
257,1,tempura,neg,tempura,neg,True,sushi
257,2,pricey,neg,pricey,neg,True,sushi
257,3,expensive,neg,expensive,neg,True,sushi
257,4,scallop,neg,scallop,neg,True,sushi
257,5,fish,pos,fish,pos,True,sushi
3543,1,quick,neg,quick,neg,True,thai
3543,2,casual,neg,casual,neg,True,thai
3543,3,spicy,neg,spicy,neg,True,thai
3543,4,busy,neg,busy,neg,True,thai
3543,5,downtown,neg,downtown,neg,True,thai
4050,1,meat,pos,meat,pos,True,burger
4050,2,bun,pos,bun,pos,True,burger
4050,3,fried,pos,fried,pos,True,burger
4050,4,dark,pos,dark,pos,True,burger
4050,5,greasy,neg,greasy,neg,True,burger
4775,1,brunch,pos,brunch,pos,True,waffle
4775,2,cookie,neg,cookie,neg,True,waffle
4775,3,mall,neg,mall,neg,True,waffle
4775,4,crispy,neg,crispy,neg,True,waffle
4775,5,juicy,pos,juicy,pos,True,waffle
1365,1,quick,neg,quick,neg,True,thai
1365,2,casual,neg,casual,neg,True,thai
1365,3,spicy,neg,spicy,neg,True,thai
1365,4,busy,neg,busy,neg,True,thai
1365,5,downtown,neg,downtown,neg,True,thai
6818,1,quick,pos,quick,pos,True,ramen
6818,2,salt,neg,salt,neg,True,ramen
6818,3,soup,pos,soup,pos,True,ramen
6818,4,spicy,pos,spicy,pos,True,ramen
6818,5,belly,pos,belly,pos,True,ramen
299,1,waffle,neg,waffle,neg,True,sandwich
299,2,pork belly,neg,pork belly,neg,True,sandwich
299,3,pork,neg,pork,neg,True,sandwich
299,4,fry,neg,fry,neg,True,sandwich
299,5,bun,neg,bun,neg,True,sandwich
626,1,avocado,neg,avocado,neg,True,egg
626,2,ramen,neg,ramen,neg,True,egg
626,3,rib,neg,rib,neg,True,meat
626,4,beef,pos,beef,pos,True,meat
626,5,brunch,neg,brunch,neg,True,egg
565,1,coffee,neg,coffee,neg,True,brunch
565,2,breakfast,neg,breakfast,neg,True,brunch
565,3,french,neg,french,neg,True,brunch
565,4,bacon,neg,bacon,neg,True,brunch
565,5,friendly,pos,friendly,pos,True,brunch
370,1,tempura,neg,tempura,neg,True,sushi
370,2,pricey,neg,pricey,neg,True,sushi
370,3,expensive,neg,expensive,neg,True,sushi
370,4,scallop,neg,scallop,neg,True,sushi
370,5,fish,pos,fish,pos,True,sushi
2925,1,quick,neg,quick,neg,True,thai
2925,2,casual,neg,casual,neg,True,thai
2925,3,spicy,neg,spicy,neg,True,thai
2925,4,busy,neg,busy,neg,True,thai
2925,5,downtown,neg,downtown,neg,True,thai
1279,1,vietnamese,neg,vietnamese,neg,True,tea
1279,2,bubble,pos,bubble,pos,True,tea
1279,3,asian,neg,asian,neg,True,tea
1279,4,bubble tea,pos,bubble tea,pos,True,tea
1279,5,sesame,neg,sesame,neg,True,tea
3369,1,fast,neg,fast,neg,True,pizza
3369,2,italian,neg,italian,neg,True,pizza
3369,3,salad,pos,salad,pos,True,pizza
3369,4,calamari,pos,calamari,pos,True,pizza
3369,5,cheese,pos,cheese,pos,True,pizza
2307,1,brunch,pos,brunch,pos,True,waffle
2307,2,cookie,neg,cookie,neg,True,waffle
2307,3,mall,neg,mall,neg,True,waffle
2307,4,crispy,neg,crispy,neg,True,waffle
2307,5,juicy,pos,juicy,pos,True,waffle
6607,1,quick,neg,quick,neg,True,thai
6607,2,casual,neg,casual,neg,True,thai
6607,3,spicy,neg,spicy,neg,True,thai
6607,4,busy,neg,busy,neg,True,thai
6607,5,downtown,neg,downtown,neg,True,thai
375,1,expensive,neg,expensive,neg,True,japanese
375,2,sushi,neg,sushi,neg,True,japanese
375,3,pricey,neg,pricey,neg,True,japanese
375,4,salmon,neg,salmon,neg,True,japanese
375,5,fresh,neg,fresh,neg,True,japanese
3732,1,salmon,pos,salmon,pos,True,buffet
3732,2,fresh,pos,fresh,pos,True,buffet
3732,3,sashimi,pos,sashimi,pos,True,buffet
3732,4,dessert,pos,dessert,pos,True,buffet
3732,5,sushi,pos,sushi,pos,True,buffet
89,1,salmon,neg,salmon,neg,True,buffet
89,2,fresh,pos,fresh,pos,True,buffet
89,3,sashimi,neg,sashimi,neg,True,buffet
89,4,dessert,pos,dessert,pos,True,buffet
89,5,sushi,pos,sushi,pos,True,buffet
1929,1,soup,neg,soup,neg,True,meat
1929,2,pork belly,neg,pork belly,neg,True,meat
1929,3,fry,neg,fry,neg,True,meat
1929,4,rib,neg,rib,neg,True,meat
1929,5,bun,neg,bun,neg,True,meat
437,1,clean,neg,clean,neg,True,matcha
437,2,ice cream,pos,ice cream,pos,True,matcha
437,3,bean,pos,bean,pos,True,matcha
437,4,store,neg,store,neg,True,matcha
437,5,cheesecake,neg,cheesecake,neg,True,matcha
291,1,fluffy,neg,fluffy,neg,True,cheese
291,2,cake,pos,cake,pos,True,cheese
291,3,meat,neg,meat,neg,True,cheese
291,4,tart,pos,tart,pos,True,cheese
291,5,wait,neg,wait,neg,True,cheese
33,1,quick,neg,quick,neg,True,ramen
33,2,salt,neg,salt,neg,True,ramen
33,3,soup,pos,soup,pos,True,ramen
33,4,spicy,pos,spicy,pos,True,ramen
33,5,belly,neg,belly,neg,True,ramen
173,1,tofu,neg,tofu,neg,True,vegan
173,2,fry,pos,fry,pos,True,vegan
173,3,meat,pos,meat,pos,True,vegan
173,4,fresh,neg,fresh,neg,True,vegan
173,5,crepe,neg,crepe,neg,True,vegan
662,1,gelato,neg,gelato,neg,True,ice cream
662,2,matcha,neg,matcha,neg,True,ice cream
662,3,tea,pos,tea,pos,True,ice cream
662,4,creamy,pos,creamy,pos,True,ice cream
662,5,chocolate,pos,chocolate,pos,True,ice cream
499,1,fluffy,neg,fluffy,neg,True,cheese
499,2,cake,neg,cake,neg,True,cheese
499,3,meat,pos,meat,pos,True,cheese
499,4,tart,neg,tart,neg,True,cheese
499,5,wait,neg,wait,neg,True,cheese
356,1,quick,neg,quick,neg,True,thai
356,2,casual,neg,casual,neg,True,thai
356,3,fruit,neg,fruit,neg,True,breakfast
356,4,reasonable,neg,reasonable,neg,True,thai
356,5,brunch,pos,brunch,pos,True,breakfast
1230,1,croissant,neg,croissant,neg,True,cake
1230,2,matcha,neg,matcha,neg,True,cake
1230,3,dessert,pos,dessert,pos,True,cake
1230,4,japanese,pos,japanese,pos,True,cake
1230,5,cheese,neg,cheese,neg,True,cake
976,1,tempura,neg,tempura,neg,True,sushi
976,2,pricey,pos,pricey,pos,True,sushi
976,3,expensive,pos,expensive,pos,True,sushi
976,4,scallop,pos,scallop,pos,True,sushi
976,5,fish,pos,fish,pos,True,sushi
966,1,salmon,pos,salmon,pos,True,buffet
966,2,fresh,pos,fresh,pos,True,buffet
966,3,sashimi,pos,sashimi,pos,True,buffet
966,4,dessert,pos,dessert,pos,True,buffet
966,5,sushi,pos,sushi,pos,True,buffet
69,1,quick,neg,quick,neg,True,tofu
69,2,beef,pos,beef,pos,True,tofu
69,3,thai,neg,thai,neg,True,tofu
69,4,bean,pos,bean,pos,True,tofu
69,5,curry,neg,curry,neg,True,tofu
3818,1,mall,neg,mall,neg,True,pasta
3818,2,tomato,pos,tomato,pos,True,pasta
3818,3,salad,pos,salad,pos,True,pasta
3818,4,bread,pos,bread,pos,True,pasta
3818,5,busy,pos,busy,pos,True,pasta
246,1,avocado,neg,avocado,neg,True,egg
246,2,ramen,neg,ramen,neg,True,egg
246,3,waffle,pos,waffle,pos,True,egg
246,4,wait,pos,wait,pos,True,brunch
246,5,potato,pos,potato,pos,True,brunch
396,1,fish,neg,fish,neg,True,salmon
396,2,pricey,neg,pricey,neg,True,salmon
396,3,modern,neg,modern,neg,True,salmon
396,4,scallop,neg,scallop,neg,True,salmon
396,5,tuna,neg,tuna,neg,True,salmon
3874,1,quick,neg,quick,neg,True,thai
3874,2,casual,neg,casual,neg,True,thai
3874,3,spicy,neg,spicy,neg,True,thai
3874,4,busy,neg,busy,neg,True,thai
3874,5,downtown,neg,downtown,neg,True,thai
1458,1,quick,pos,quick,pos,True,thai
1458,2,casual,pos,casual,pos,True,thai
1458,3,spicy,pos,spicy,pos,True,thai
1458,4,busy,pos,busy,pos,True,thai
1458,5,downtown,pos,downtown,pos,True,thai
3338,1,quick,pos,quick,pos,True,ramen
3338,2,salt,pos,salt,pos,True,ramen
3338,3,soup,pos,soup,pos,True,ramen
3338,4,spicy,pos,spicy,pos,True,ramen
3338,5,belly,neg,belly,neg,True,ramen
242,1,fast,neg,fast,neg,True,pizza
242,2,italian,neg,italian,neg,True,pizza
242,3,salad,pos,salad,pos,True,pizza
242,4,calamari,neg,calamari,neg,True,pizza
242,5,cheese,pos,cheese,pos,True,pizza
566,1,tempura,neg,tempura,neg,True,sushi
566,2,pricey,neg,pricey,neg,True,sushi
566,3,expensive,neg,expensive,neg,True,sushi
566,4,scallop,neg,scallop,neg,True,sushi
566,5,fish,pos,fish,pos,True,sushi
825,1,quick,neg,quick,neg,True,ramen
825,2,salt,neg,salt,neg,True,ramen
825,3,soup,pos,soup,pos,True,ramen
825,4,spicy,pos,spicy,pos,True,ramen
825,5,belly,neg,belly,neg,True,ramen
304,1,pasta,neg,pasta,neg,True,cheesecake
304,2,cheese,pos,cheese,pos,True,cheesecake
304,3,japanese,pos,japanese,pos,True,cheesecake
304,4,wait,neg,wait,neg,True,cheesecake
304,5,matcha,neg,matcha,neg,True,cheesecake
9,1,steamed,pos,steamed,pos,True,pork
9,2,noodle,neg,noodle,neg,True,pork
9,3,meat,pos,meat,pos,True,pork
9,4,sausage,neg,sausage,neg,True,fry
9,5,burger,neg,burger,neg,True,fry
11,1,cheese,pos,cheese,pos,True,lamb
11,2,crispy,pos,crispy,pos,True,lamb
11,3,bread,pos,bread,pos,True,lamb
11,4,cocktail,pos,cocktail,pos,True,lamb
11,5,dumpling,pos,dumpling,pos,True,lamb
70,1,spicy,pos,spicy,pos,True,taco
70,2,octopus,pos,octopus,pos,True,taco
70,3,tuna,pos,tuna,pos,True,taco
70,4,chip,neg,chip,neg,True,taco
70,5,shrimp,pos,shrimp,pos,True,taco
112,1,noodle,pos,noodle,pos,True,chicken
112,2,crispy,neg,crispy,neg,True,chicken
112,3,wait,neg,wait,neg,True,chicken
112,4,curry,pos,curry,pos,True,chicken
112,5,friendly,neg,friendly,neg,True,chicken
